content,score,at
"Very slow and buggy interface, constant error on login",1,2023-01-01 03:32:24
"Great interface, loading is quick and easy",5,2023-01-01 09:08:04
It is okay,3,2023-01-01 13:12:56
Fine for now,3,2023-01-01 14:22:55
"Great interface, loading is quick and easy",4,2023-01-01 22:19:22
"Very slow and buggy interface, constant error on login",2,2023-01-01 23:59:57
"Excellent, five stars",5,2023-01-02 01:10:44
"Best shows and movies, the new season is wonderful",5,2023-01-02 06:05:39
"Worth every penny, the subscription price is fair",5,2023-01-02 15:42:11
"Bad movies lately, the new season is awful",1,2023-01-02 21:14:35
"Bad movies lately, the new season is awful",2,2023-01-03 00:00:07
Works as expected,3,2023-01-03 03:31:40
"Amazing series, I love every episode",5,2023-01-03 05:22:49
Works as expected,3,2023-01-03 12:10:00
"Boring shows, they cancelled my favorite series",1,2023-01-03 15:02:34
"Very disappointed, I hate it",2,2023-01-03 15:24:04
"Love it, highly recommend",5,2023-01-03 15:44:54
"Great interface, loading is quick and easy",5,2023-01-03 15:48:01
"Amazing series, I love every episode",5,2023-01-03 16:41:29
"Very slow and buggy interface, constant error on login",3,2023-01-03 17:49:38
"Amazing series, I love every episode",5,2023-01-03 23:24:35
"Boring shows, they cancelled my favorite series",1,2023-01-04 02:28:31
"Great interface, loading is quick and easy",5,2023-01-04 05:19:12
"Worth every penny, the subscription price is fair",5,2023-01-04 08:15:13
Fine for now,3,2023-01-04 11:06:59
"Very slow and buggy interface, constant error on login",3,2023-01-04 15:16:54
"Love it, highly recommend",5,2023-01-04 16:21:34
Good value for the money,5,2023-01-04 18:07:57
"Worth every penny, the subscription price is fair",4,2023-01-04 21:54:53
Worst experience ever,1,2023-01-05 05:35:03
"The app is smooth and fast, no crashes at all",5,2023-01-05 08:15:24
"Very slow and buggy interface, constant error on login",3,2023-01-05 13:38:50
"Ads and a higher subscription cost, waste of money",3,2023-01-05 17:34:58
"Ads and a higher subscription cost, waste of money",3,2023-01-06 01:13:26
"Best shows and movies, the new season is wonderful",5,2023-01-06 09:13:17
Payment failed again and no refund,1,2023-01-06 12:24:17
"Worth every penny, the subscription price is fair",5,2023-01-06 14:28:47
"Worth every penny, the subscription price is fair",5,2023-01-06 14:39:26
"Very slow and buggy interface, constant error on login",1,2023-01-06 19:34:41
"The app is smooth and fast, no crashes at all",4,2023-01-06 22:04:04
"Very slow and buggy interface, constant error on login",2,2023-01-07 02:32:00
"Love it, highly recommend",4,2023-01-07 02:32:34
"Worth every penny, the subscription price is fair",4,2023-01-07 05:29:55
"The app is smooth and fast, no crashes at all",5,2023-01-07 10:28:57
"Great interface, loading is quick and easy",5,2023-01-07 18:23:14
"Boring shows, they cancelled my favorite series",2,2023-01-08 03:47:01
"Ads and a higher subscription cost, waste of money",3,2023-01-08 05:58:39
Payment failed again and no refund,2,2023-01-08 14:22:20
"Bad movies lately, the new season is awful",3,2023-01-08 16:54:12
"The app is smooth and fast, no crashes at all",5,2023-01-08 18:39:09
Good value for the money,4,2023-01-08 18:44:48
Fine for now,3,2023-01-08 22:01:18
"The app is smooth and fast, no crashes at all",4,2023-01-09 01:04:38
"Best shows and movies, the new season is wonderful",5,2023-01-09 03:11:13
Good value for the money,5,2023-01-09 05:28:10
"Average, nothing special",3,2023-01-09 08:06:54
"Worth every penny, the subscription price is fair",4,2023-01-09 08:38:34
"Average, nothing special",3,2023-01-09 13:19:03
Works as expected,3,2023-01-09 15:22:21
"Bad movies lately, the new season is awful",2,2023-01-09 18:57:24
"Great interface, loading is quick and easy",5,2023-01-09 20:15:11
The app keeps freezing and crashing after the update,1,2023-01-09 21:20:20
"Bad movies lately, the new season is awful",1,2023-01-09 22:52:03
It is okay,3,2023-01-09 23:35:30
"Too expensive, the price keeps going up",3,2023-01-10 00:18:29
"Terrible bug, screen is stuck on loading",1,2023-01-10 16:56:37
It is okay,3,2023-01-10 19:15:49
"Bad movies lately, the new season is awful",2,2023-01-10 20:36:07
It is okay,3,2023-01-10 22:29:40
The app keeps freezing and crashing after the update,3,2023-01-10 22:36:52
"Great interface, loading is quick and easy",5,2023-01-11 01:48:30
"Terrible bug, screen is stuck on loading",3,2023-01-11 02:42:57
"Bad movies lately, the new season is awful",2,2023-01-11 07:35:21
"The app is smooth and fast, no crashes at all",4,2023-01-11 09:05:57
"The app is smooth and fast, no crashes at all",5,2023-01-11 16:54:09
"Terrible bug, screen is stuck on loading",2,2023-01-11 17:03:20
"Bad movies lately, the new season is awful",1,2023-01-11 17:06:59
"The app is smooth and fast, no crashes at all",5,2023-01-11 17:16:08
"Too expensive, the price keeps going up",2,2023-01-11 17:47:18
Fine for now,3,2023-01-11 22:11:50
"Terrible bug, screen is stuck on loading",1,2023-01-12 01:02:57
"Amazing series, I love every episode",5,2023-01-12 01:06:17
"Average, nothing special",3,2023-01-12 08:10:11
"Boring shows, they cancelled my favorite series",1,2023-01-12 08:45:01
"Boring shows, they cancelled my favorite series",1,2023-01-12 16:12:45
"Amazing series, I love every episode",5,2023-01-12 19:05:31
"Too expensive, the price keeps going up",2,2023-01-12 19:39:51
"Very slow and buggy interface, constant error on login",1,2023-01-13 01:46:43
"Terrible bug, screen is stuck on loading",3,2023-01-13 03:11:21
"Boring shows, they cancelled my favorite series",3,2023-01-13 04:35:12
"Great interface, loading is quick and easy",5,2023-01-13 06:30:33
"Amazing series, I love every episode",4,2023-01-13 14:21:56
Works as expected,3,2023-01-13 14:28:21
"The app is smooth and fast, no crashes at all",5,2023-01-13 16:07:39
"Worth every penny, the subscription price is fair",5,2023-01-13 17:57:59
"Very disappointed, I hate it",1,2023-01-13 18:14:08
"Bad movies lately, the new season is awful",1,2023-01-13 18:39:54
"Love it, highly recommend",5,2023-01-13 20:41:38
"Great interface, loading is quick and easy",5,2023-01-13 22:31:02
"The app is smooth and fast, no crashes at all",5,2023-01-14 05:26:04
"Terrible bug, screen is stuck on loading",2,2023-01-14 09:36:28
"The app is smooth and fast, no crashes at all",5,2023-01-14 18:01:17
"Bad movies lately, the new season is awful",1,2023-01-14 23:04:31
"Very disappointed, I hate it",3,2023-01-15 11:07:55
Payment failed again and no refund,2,2023-01-15 15:12:26
Works as expected,3,2023-01-15 18:11:03
"Ads and a higher subscription cost, waste of money",2,2023-01-15 18:16:49
"Best shows and movies, the new season is wonderful",5,2023-01-15 19:31:26
"Amazing series, I love every episode",4,2023-01-15 22:14:39
Good value for the money,5,2023-01-16 03:22:57
"Amazing series, I love every episode",5,2023-01-16 05:18:19
"Boring shows, they cancelled my favorite series",1,2023-01-16 09:52:49
"Boring shows, they cancelled my favorite series",3,2023-01-16 10:21:29
The app keeps freezing and crashing after the update,1,2023-01-16 13:24:33
"Love it, highly recommend",4,2023-01-16 14:47:49
"Amazing series, I love every episode",4,2023-01-16 21:24:55
"Great interface, loading is quick and easy",4,2023-01-17 03:04:57
"The app is smooth and fast, no crashes at all",5,2023-01-17 04:49:14
The app keeps freezing and crashing after the update,1,2023-01-17 07:26:32
"Terrible bug, screen is stuck on loading",2,2023-01-17 10:00:02
Good value for the money,4,2023-01-17 10:56:05
"Bad movies lately, the new season is awful",3,2023-01-17 19:49:59
"Bad movies lately, the new season is awful",2,2023-01-18 01:23:57
"Best shows and movies, the new season is wonderful",5,2023-01-18 05:36:20
Payment failed again and no refund,2,2023-01-18 05:57:39
"Best shows and movies, the new season is wonderful",5,2023-01-18 16:10:36
"Very slow and buggy interface, constant error on login",1,2023-01-18 20:23:22
Works as expected,3,2023-01-19 00:32:34
"Very disappointed, I hate it",1,2023-01-19 12:27:29
"Amazing series, I love every episode",4,2023-01-19 12:32:14
"Very disappointed, I hate it",1,2023-01-19 13:58:03
"Boring shows, they cancelled my favorite series",2,2023-01-19 14:49:45
"Worth every penny, the subscription price is fair",5,2023-01-19 15:11:29
"Boring shows, they cancelled my favorite series",2,2023-01-20 02:18:22
"Amazing series, I love every episode",4,2023-01-20 03:55:31
"Great interface, loading is quick and easy",4,2023-01-20 05:26:09
"Bad movies lately, the new season is awful",2,2023-01-20 13:35:52
"Great interface, loading is quick and easy",5,2023-01-20 14:09:55
Worst experience ever,1,2023-01-20 14:13:01
"Excellent, five stars",5,2023-01-20 19:49:31
"Too expensive, the price keeps going up",2,2023-01-20 23:36:14
"Great interface, loading is quick and easy",5,2023-01-21 00:45:44
"Boring shows, they cancelled my favorite series",3,2023-01-21 02:54:22
"Terrible bug, screen is stuck on loading",2,2023-01-21 04:29:59
Payment failed again and no refund,1,2023-01-21 04:45:03
Payment failed again and no refund,3,2023-01-21 07:14:37
"Very disappointed, I hate it",1,2023-01-21 12:08:04
"Boring shows, they cancelled my favorite series",3,2023-01-21 20:05:56
"Great interface, loading is quick and easy",4,2023-01-21 20:34:19
"Amazing series, I love every episode",5,2023-01-21 20:43:56
"Best shows and movies, the new season is wonderful",5,2023-01-21 21:17:42
The app keeps freezing and crashing after the update,1,2023-01-22 00:21:15
Payment failed again and no refund,2,2023-01-22 00:41:13
"Boring shows, they cancelled my favorite series",2,2023-01-22 01:26:15
"Excellent, five stars",5,2023-01-22 01:27:53
"Very slow and buggy interface, constant error on login",1,2023-01-22 04:48:44
Good value for the money,4,2023-01-22 06:04:49
The app keeps freezing and crashing after the update,3,2023-01-22 07:28:16
The app keeps freezing and crashing after the update,1,2023-01-22 13:00:18
"Amazing series, I love every episode",4,2023-01-22 14:15:46
"Great interface, loading is quick and easy",5,2023-01-22 15:57:04
Worst experience ever,3,2023-01-22 22:08:29
"Bad movies lately, the new season is awful",2,2023-01-22 23:33:45
The app keeps freezing and crashing after the update,2,2023-01-23 01:39:16
"Worth every penny, the subscription price is fair",5,2023-01-23 02:39:32
Payment failed again and no refund,2,2023-01-23 12:40:53
"Great interface, loading is quick and easy",5,2023-01-23 17:09:59
"Great interface, loading is quick and easy",5,2023-01-23 17:50:16
"The app is smooth and fast, no crashes at all",4,2023-01-23 18:37:25
"Excellent, five stars",4,2023-01-23 20:36:17
"Very disappointed, I hate it",2,2023-01-23 20:50:43
"Bad movies lately, the new season is awful",2,2023-01-23 21:04:11
"Ads and a higher subscription cost, waste of money",3,2023-01-23 23:40:09
"Amazing series, I love every episode",5,2023-01-24 02:41:42
Worst experience ever,2,2023-01-24 03:34:49
Works as expected,3,2023-01-24 07:50:42
"Very slow and buggy interface, constant error on login",2,2023-01-24 11:29:53
"Boring shows, they cancelled my favorite series",1,2023-01-24 12:01:26
"The app is smooth and fast, no crashes at all",5,2023-01-24 12:37:22
"Amazing series, I love every episode",4,2023-01-24 16:42:58
Payment failed again and no refund,2,2023-01-24 19:01:36
Fine for now,3,2023-01-24 23:18:37
"Amazing series, I love every episode",4,2023-01-25 05:07:03
The app keeps freezing and crashing after the update,3,2023-01-25 05:13:05
"Best shows and movies, the new season is wonderful",5,2023-01-25 08:59:54
Fine for now,3,2023-01-25 09:54:49
"The app is smooth and fast, no crashes at all",4,2023-01-25 09:55:11
"Great interface, loading is quick and easy",5,2023-01-25 20:23:16
"Too expensive, the price keeps going up",1,2023-01-26 05:09:29
"Bad movies lately, the new season is awful",2,2023-01-26 06:47:32
It is okay,3,2023-01-26 07:51:56
"Great interface, loading is quick and easy",5,2023-01-26 09:02:07
"Best shows and movies, the new season is wonderful",5,2023-01-26 15:26:24
"Worth every penny, the subscription price is fair",5,2023-01-27 01:47:30
"Too expensive, the price keeps going up",1,2023-01-27 03:44:19
It is okay,3,2023-01-27 03:47:02
It is okay,3,2023-01-27 03:51:34
Worst experience ever,2,2023-01-27 04:02:46
"Best shows and movies, the new season is wonderful",5,2023-01-27 04:11:33
"The app is smooth and fast, no crashes at all",5,2023-01-27 04:12:19
Good value for the money,4,2023-01-27 08:12:35
"Very slow and buggy interface, constant error on login",2,2023-01-27 08:56:32
"Best shows and movies, the new season is wonderful",4,2023-01-27 11:53:29
Payment failed again and no refund,2,2023-01-27 16:11:44
"Worth every penny, the subscription price is fair",4,2023-01-27 19:39:48
"Very slow and buggy interface, constant error on login",1,2023-01-28 00:56:01
Payment failed again and no refund,2,2023-01-28 04:27:36
"Worth every penny, the subscription price is fair",5,2023-01-28 09:10:50
"Amazing series, I love every episode",5,2023-01-28 10:01:18
"The app is smooth and fast, no crashes at all",5,2023-01-28 13:11:24
"Ads and a higher subscription cost, waste of money",1,2023-01-28 14:03:35
"Best shows and movies, the new season is wonderful",4,2023-01-28 15:35:18
"Boring shows, they cancelled my favorite series",1,2023-01-28 21:14:43
"Love it, highly recommend",4,2023-01-28 23:24:06
"Great interface, loading is quick and easy",4,2023-01-29 04:57:53
"Ads and a higher subscription cost, waste of money",1,2023-01-29 08:22:17
Works as expected,3,2023-01-29 14:25:36
"Great interface, loading is quick and easy",5,2023-01-29 16:22:39
Works as expected,3,2023-01-29 16:51:49
Fine for now,3,2023-01-30 02:12:49
"Amazing series, I love every episode",4,2023-01-30 03:00:55
"Bad movies lately, the new season is awful",1,2023-01-30 05:15:19
"Great interface, loading is quick and easy",5,2023-01-30 07:40:31
"Bad movies lately, the new season is awful",2,2023-01-30 08:17:48
"The app is smooth and fast, no crashes at all",4,2023-01-30 09:05:01
"Great interface, loading is quick and easy",5,2023-01-30 12:39:51
"Ads and a higher subscription cost, waste of money",2,2023-01-30 14:43:30
"Terrible bug, screen is stuck on loading",3,2023-01-30 19:04:52
"Great interface, loading is quick and easy",5,2023-01-30 22:52:39
"Worth every penny, the subscription price is fair",5,2023-01-31 00:21:08
"Very disappointed, I hate it",2,2023-01-31 04:51:00
"Terrible bug, screen is stuck on loading",2,2023-01-31 06:13:07
Works as expected,3,2023-01-31 07:52:31
Works as expected,3,2023-01-31 12:10:48
"Great interface, loading is quick and easy",5,2023-01-31 15:42:41
"Worth every penny, the subscription price is fair",4,2023-01-31 18:49:34
"Worth every penny, the subscription price is fair",5,2023-01-31 19:19:36
The app keeps freezing and crashing after the update,3,2023-02-01 00:55:46
"Amazing series, I love every episode",4,2023-02-01 04:05:56
"Worth every penny, the subscription price is fair",5,2023-02-01 05:48:04
"Boring shows, they cancelled my favorite series",2,2023-02-01 08:11:10
"Best shows and movies, the new season is wonderful",5,2023-02-01 11:04:20
Fine for now,3,2023-02-01 15:31:12
"Love it, highly recommend",4,2023-02-01 16:49:20
"Ads and a higher subscription cost, waste of money",1,2023-02-01 17:42:49
Fine for now,3,2023-02-01 19:37:30
"Amazing series, I love every episode",4,2023-02-01 20:04:58
"Very slow and buggy interface, constant error on login",2,2023-02-02 02:02:35
Good value for the money,4,2023-02-02 07:12:25
The app keeps freezing and crashing after the update,2,2023-02-02 13:38:01
"Amazing series, I love every episode",4,2023-02-02 16:03:27
"Boring shows, they cancelled my favorite series",2,2023-02-02 17:40:24
"Terrible bug, screen is stuck on loading",2,2023-02-02 22:21:18
"The app is smooth and fast, no crashes at all",5,2023-02-03 02:56:51
"Best shows and movies, the new season is wonderful",5,2023-02-03 05:07:43
"Great interface, loading is quick and easy",5,2023-02-03 05:58:34
"Boring shows, they cancelled my favorite series",1,2023-02-03 08:10:36
"The app is smooth and fast, no crashes at all",5,2023-02-03 08:11:53
"Great interface, loading is quick and easy",4,2023-02-03 08:29:55
"Worth every penny, the subscription price is fair",5,2023-02-03 13:24:40
The app keeps freezing and crashing after the update,2,2023-02-03 16:42:20
It is okay,3,2023-02-03 17:04:43
"Amazing series, I love every episode",5,2023-02-03 19:33:16
"The app is smooth and fast, no crashes at all",4,2023-02-03 21:22:23
"Bad movies lately, the new season is awful",2,2023-02-04 00:25:35
"Great interface, loading is quick and easy",4,2023-02-04 02:10:27
Payment failed again and no refund,1,2023-02-04 16:10:23
"Excellent, five stars",4,2023-02-04 17:35:49
"Very slow and buggy interface, constant error on login",3,2023-02-04 20:23:54
"Very disappointed, I hate it",1,2023-02-04 21:00:10
"Boring shows, they cancelled my favorite series",3,2023-02-05 02:02:01
"Amazing series, I love every episode",5,2023-02-05 08:43:34
"Very slow and buggy interface, constant error on login",2,2023-02-05 12:46:54
"The app is smooth and fast, no crashes at all",5,2023-02-05 14:43:09
"Best shows and movies, the new season is wonderful",5,2023-02-06 20:31:26
"Love it, highly recommend",4,2023-02-06 21:20:53
"Bad movies lately, the new season is awful",3,2023-02-06 23:28:33
"The app is smooth and fast, no crashes at all",4,2023-02-07 03:55:13
The app keeps freezing and crashing after the update,2,2023-02-07 10:06:48
Works as expected,3,2023-02-07 11:08:50
Good value for the money,5,2023-02-07 20:35:37
"Excellent, five stars",5,2023-02-08 00:56:00
"Great interface, loading is quick and easy",4,2023-02-08 07:27:02
"Amazing series, I love every episode",5,2023-02-08 13:42:57
"Terrible bug, screen is stuck on loading",1,2023-02-08 22:47:24
"Best shows and movies, the new season is wonderful",5,2023-02-08 23:53:26
"Worth every penny, the subscription price is fair",5,2023-02-09 07:46:19
"Great interface, loading is quick and easy",5,2023-02-09 08:22:07
"Amazing series, I love every episode",4,2023-02-09 17:33:28
Fine for now,3,2023-02-09 21:06:47
The app keeps freezing and crashing after the update,1,2023-02-10 03:04:22
"Terrible bug, screen is stuck on loading",2,2023-02-10 06:12:22
Worst experience ever,2,2023-02-10 06:33:17
"Amazing series, I love every episode",5,2023-02-10 08:53:38
"Average, nothing special",3,2023-02-10 09:29:39
"Bad movies lately, the new season is awful",2,2023-02-10 10:49:47
"Boring shows, they cancelled my favorite series",1,2023-02-10 14:56:03
Payment failed again and no refund,3,2023-02-10 14:56:08
"Best shows and movies, the new season is wonderful",4,2023-02-10 15:39:15
"Love it, highly recommend",4,2023-02-10 17:46:51
It is okay,3,2023-02-10 22:40:28
"Average, nothing special",3,2023-02-11 01:09:02
"The app is smooth and fast, no crashes at all",5,2023-02-11 05:43:02
"The app is smooth and fast, no crashes at all",4,2023-02-11 09:02:14
Fine for now,3,2023-02-11 10:19:33
The app keeps freezing and crashing after the update,3,2023-02-11 17:53:37
Good value for the money,5,2023-02-11 17:56:56
"Terrible bug, screen is stuck on loading",1,2023-02-11 18:00:14
"The app is smooth and fast, no crashes at all",5,2023-02-12 07:38:55
"Great interface, loading is quick and easy",5,2023-02-12 08:02:20
"Best shows and movies, the new season is wonderful",5,2023-02-12 12:47:51
It is okay,3,2023-02-12 13:40:39
Payment failed again and no refund,1,2023-02-12 15:39:07
"Bad movies lately, the new season is awful",2,2023-02-12 17:27:32
"Very slow and buggy interface, constant error on login",3,2023-02-12 19:45:44
Good value for the money,5,2023-02-12 21:31:21
It is okay,3,2023-02-12 23:51:03
"Worth every penny, the subscription price is fair",5,2023-02-13 04:33:07
Payment failed again and no refund,1,2023-02-13 09:37:20
"The app is smooth and fast, no crashes at all",5,2023-02-13 10:50:10
It is okay,3,2023-02-13 11:23:53
"Average, nothing special",3,2023-02-13 14:07:48
Worst experience ever,2,2023-02-13 16:41:16
Payment failed again and no refund,3,2023-02-13 16:41:19
Fine for now,3,2023-02-13 17:00:51
"Amazing series, I love every episode",5,2023-02-13 17:31:15
"Bad movies lately, the new season is awful",2,2023-02-13 20:55:03
Good value for the money,4,2023-02-13 22:50:11
"Bad movies lately, the new season is awful",2,2023-02-13 23:14:20
"Best shows and movies, the new season is wonderful",5,2023-02-14 00:35:28
"Best shows and movies, the new season is wonderful",5,2023-02-14 06:23:26
The app keeps freezing and crashing after the update,3,2023-02-14 09:52:37
"The app is smooth and fast, no crashes at all",5,2023-02-14 18:39:53
"Ads and a higher subscription cost, waste of money",2,2023-02-14 20:20:20
"Worth every penny, the subscription price is fair",5,2023-02-14 22:13:51
"Too expensive, the price keeps going up",1,2023-02-15 05:06:07
"Worth every penny, the subscription price is fair",5,2023-02-15 06:15:12
Works as expected,3,2023-02-15 09:46:40
"Best shows and movies, the new season is wonderful",4,2023-02-15 17:25:50
"Best shows and movies, the new season is wonderful",5,2023-02-15 17:47:12
Good value for the money,5,2023-02-15 19:46:54
"Ads and a higher subscription cost, waste of money",2,2023-02-15 20:27:49
"Great interface, loading is quick and easy",5,2023-02-15 20:46:21
"Boring shows, they cancelled my favorite series",2,2023-02-16 05:08:32
"Great interface, loading is quick and easy",5,2023-02-16 06:29:14
Good value for the money,5,2023-02-16 06:34:19
Fine for now,3,2023-02-16 11:00:50
"Boring shows, they cancelled my favorite series",3,2023-02-16 12:08:23
"Terrible bug, screen is stuck on loading",1,2023-02-16 12:59:06
"Best shows and movies, the new season is wonderful",5,2023-02-16 13:42:04
"Great interface, loading is quick and easy",5,2023-02-16 16:38:18
"Worth every penny, the subscription price is fair",4,2023-02-16 17:11:15
Works as expected,3,2023-02-16 19:30:56
"Great interface, loading is quick and easy",4,2023-02-17 04:31:24
Payment failed again and no refund,1,2023-02-17 06:32:50
"Great interface, loading is quick and easy",5,2023-02-17 08:40:20
"Amazing series, I love every episode",4,2023-02-17 10:04:07
"Bad movies lately, the new season is awful",1,2023-02-17 10:11:58
"Excellent, five stars",4,2023-02-17 15:59:43
Payment failed again and no refund,1,2023-02-17 16:47:57
"Great interface, loading is quick and easy",4,2023-02-17 21:01:41
"Love it, highly recommend",5,2023-02-18 00:49:39
"Very slow and buggy interface, constant error on login",1,2023-02-18 03:26:28
"Very slow and buggy interface, constant error on login",2,2023-02-18 07:43:04
"Bad movies lately, the new season is awful",2,2023-02-18 08:14:27
"Worth every penny, the subscription price is fair",5,2023-02-18 10:24:15
"Boring shows, they cancelled my favorite series",1,2023-02-18 11:27:49
Good value for the money,5,2023-02-18 16:32:00
Works as expected,3,2023-02-18 22:02:36
Good value for the money,5,2023-02-18 23:20:29
"Amazing series, I love every episode",5,2023-02-19 08:41:05
Fine for now,3,2023-02-19 10:24:13
"Worth every penny, the subscription price is fair",5,2023-02-19 13:22:08
"Boring shows, they cancelled my favorite series",1,2023-02-19 14:49:58
"Amazing series, I love every episode",4,2023-02-19 23:06:22
Worst experience ever,3,2023-02-19 23:36:12
Good value for the money,5,2023-02-20 01:31:28
"Very disappointed, I hate it",1,2023-02-20 02:25:38
"Average, nothing special",3,2023-02-20 05:26:02
"The app is smooth and fast, no crashes at all",5,2023-02-20 10:21:14
"Average, nothing special",3,2023-02-20 10:24:35
"Best shows and movies, the new season is wonderful",4,2023-02-20 12:18:04
"Amazing series, I love every episode",4,2023-02-20 13:23:55
"Average, nothing special",3,2023-02-20 15:20:12
"Excellent, five stars",4,2023-02-20 22:06:09
"Amazing series, I love every episode",5,2023-02-21 01:48:05
"The app is smooth and fast, no crashes at all",5,2023-02-21 04:17:35
"Terrible bug, screen is stuck on loading",3,2023-02-21 20:24:58
"Ads and a higher subscription cost, waste of money",2,2023-02-21 23:46:03
"The app is smooth and fast, no crashes at all",5,2023-02-22 04:14:17
"Best shows and movies, the new season is wonderful",5,2023-02-22 09:48:02
"Best shows and movies, the new season is wonderful",5,2023-02-22 15:46:47
The app keeps freezing and crashing after the update,2,2023-02-22 18:50:29
"Bad movies lately, the new season is awful",2,2023-02-22 19:04:26
"Bad movies lately, the new season is awful",1,2023-02-23 00:06:43
Works as expected,3,2023-02-23 02:40:04
"Amazing series, I love every episode",5,2023-02-23 03:26:27
"The app is smooth and fast, no crashes at all",4,2023-02-23 11:04:43
"Best shows and movies, the new season is wonderful",5,2023-02-23 13:52:10
The app keeps freezing and crashing after the update,3,2023-02-23 14:58:04
"The app is smooth and fast, no crashes at all",5,2023-02-23 18:31:06
Worst experience ever,2,2023-02-23 18:44:49
"Amazing series, I love every episode",5,2023-02-23 19:56:59
"Bad movies lately, the new season is awful",1,2023-02-23 22:09:48
"Great interface, loading is quick and easy",5,2023-02-23 23:57:47
"Average, nothing special",3,2023-02-24 01:49:29
"Worth every penny, the subscription price is fair",5,2023-02-24 09:52:41
Good value for the money,5,2023-02-24 13:34:26
"Boring shows, they cancelled my favorite series",1,2023-02-24 16:50:04
"Amazing series, I love every episode",4,2023-02-24 17:21:31
The app keeps freezing and crashing after the update,2,2023-02-24 22:02:00
"Boring shows, they cancelled my favorite series",1,2023-02-24 22:20:58
The app keeps freezing and crashing after the update,3,2023-02-25 08:17:17
"Worth every penny, the subscription price is fair",5,2023-02-25 16:08:26
Worst experience ever,2,2023-02-25 16:42:04
"Terrible bug, screen is stuck on loading",3,2023-02-25 19:10:33
"Amazing series, I love every episode",5,2023-02-25 19:36:58
"Best shows and movies, the new season is wonderful",5,2023-02-25 22:33:52
"Boring shows, they cancelled my favorite series",2,2023-02-25 22:36:33
"The app is smooth and fast, no crashes at all",4,2023-02-26 00:27:40
"The app is smooth and fast, no crashes at all",4,2023-02-26 02:01:52
Worst experience ever,2,2023-02-26 09:59:00
Good value for the money,5,2023-02-26 18:07:14
"The app is smooth and fast, no crashes at all",5,2023-02-26 21:38:21
"Ads and a higher subscription cost, waste of money",2,2023-02-26 22:06:56
"Ads and a higher subscription cost, waste of money",2,2023-02-27 01:22:09
"Terrible bug, screen is stuck on loading",2,2023-02-27 09:44:53
"Bad movies lately, the new season is awful",3,2023-02-27 19:30:39
"Too expensive, the price keeps going up",2,2023-02-27 19:52:11
"Too expensive, the price keeps going up",3,2023-02-27 23:53:11
The app keeps freezing and crashing after the update,2,2023-02-28 01:35:30
"Boring shows, they cancelled my favorite series",1,2023-02-28 03:50:01
"Amazing series, I love every episode",5,2023-02-28 07:09:40
"Bad movies lately, the new season is awful",1,2023-02-28 10:10:59
"Very disappointed, I hate it",1,2023-02-28 11:18:31
Good value for the money,5,2023-02-28 12:53:05
"Terrible bug, screen is stuck on loading",1,2023-02-28 15:26:12
"Worth every penny, the subscription price is fair",5,2023-02-28 17:13:39
Payment failed again and no refund,1,2023-02-28 22:23:30
"Excellent, five stars",5,2023-02-28 23:01:08
Good value for the money,5,2023-02-28 23:47:00
"Worth every penny, the subscription price is fair",5,2023-03-01 00:02:05
The app keeps freezing and crashing after the update,3,2023-03-01 05:46:06
"Great interface, loading is quick and easy",4,2023-03-01 05:56:53
Works as expected,3,2023-03-01 13:00:43
"Amazing series, I love every episode",4,2023-03-01 22:52:30
"Boring shows, they cancelled my favorite series",3,2023-03-02 00:27:28
Worst experience ever,3,2023-03-02 01:21:28
"Worth every penny, the subscription price is fair",5,2023-03-02 01:45:58
"Great interface, loading is quick and easy",5,2023-03-02 02:16:09
"Love it, highly recommend",5,2023-03-02 04:49:52
"The app is smooth and fast, no crashes at all",5,2023-03-02 06:28:50
"Too expensive, the price keeps going up",3,2023-03-02 08:54:39
"Great interface, loading is quick and easy",5,2023-03-02 22:04:38
"Terrible bug, screen is stuck on loading",2,2023-03-02 23:50:30
Works as expected,3,2023-03-03 05:31:19
Fine for now,3,2023-03-03 07:25:41
"Amazing series, I love every episode",5,2023-03-03 07:40:59
"Very slow and buggy interface, constant error on login",1,2023-03-03 13:13:48
"Very slow and buggy interface, constant error on login",1,2023-03-03 16:22:43
"Terrible bug, screen is stuck on loading",2,2023-03-03 23:53:06
"Great interface, loading is quick and easy",5,2023-03-04 04:50:12
"Amazing series, I love every episode",4,2023-03-04 08:03:29
"Great interface, loading is quick and easy",5,2023-03-04 09:11:57
"Best shows and movies, the new season is wonderful",5,2023-03-04 10:31:29
"Great interface, loading is quick and easy",4,2023-03-04 10:37:12
"Bad movies lately, the new season is awful",1,2023-03-04 14:34:49
"Worth every penny, the subscription price is fair",5,2023-03-04 15:31:02
"Bad movies lately, the new season is awful",1,2023-03-04 17:26:14
"Bad movies lately, the new season is awful",3,2023-03-04 19:20:15
"Best shows and movies, the new season is wonderful",5,2023-03-04 19:23:11
"Terrible bug, screen is stuck on loading",2,2023-03-04 21:15:41
Good value for the money,5,2023-03-05 05:38:34
"The app is smooth and fast, no crashes at all",4,2023-03-05 12:31:01
"Boring shows, they cancelled my favorite series",2,2023-03-05 16:28:42
"Worth every penny, the subscription price is fair",4,2023-03-05 20:23:24
"Best shows and movies, the new season is wonderful",5,2023-03-06 00:47:10
"Amazing series, I love every episode",5,2023-03-06 09:10:43
"Terrible bug, screen is stuck on loading",1,2023-03-06 13:09:46
"Amazing series, I love every episode",5,2023-03-06 18:18:27
"The app is smooth and fast, no crashes at all",5,2023-03-06 18:45:51
"Great interface, loading is quick and easy",5,2023-03-06 18:54:05
"Ads and a higher subscription cost, waste of money",2,2023-03-07 02:16:01
Payment failed again and no refund,1,2023-03-07 05:09:06
"Boring shows, they cancelled my favorite series",1,2023-03-07 06:17:41
"Very disappointed, I hate it",1,2023-03-07 07:33:47
"Bad movies lately, the new season is awful",3,2023-03-07 09:10:31
The app keeps freezing and crashing after the update,3,2023-03-07 12:29:49
"Worth every penny, the subscription price is fair",4,2023-03-07 21:54:03
The app keeps freezing and crashing after the update,2,2023-03-08 03:16:29
Payment failed again and no refund,1,2023-03-08 05:31:27
"The app is smooth and fast, no crashes at all",5,2023-03-08 09:42:28
"Boring shows, they cancelled my favorite series",1,2023-03-08 10:18:15
"Very slow and buggy interface, constant error on login",2,2023-03-08 11:59:10
"Too expensive, the price keeps going up",3,2023-03-08 14:43:10
"Too expensive, the price keeps going up",2,2023-03-08 15:44:47
"Bad movies lately, the new season is awful",3,2023-03-08 15:54:33
"Bad movies lately, the new season is awful",2,2023-03-08 18:56:35
It is okay,3,2023-03-08 22:34:04
"Very disappointed, I hate it",1,2023-03-09 00:31:46
"Amazing series, I love every episode",5,2023-03-09 01:27:16
"Bad movies lately, the new season is awful",1,2023-03-09 02:27:05
"Best shows and movies, the new season is wonderful",4,2023-03-09 04:07:39
"Best shows and movies, the new season is wonderful",5,2023-03-09 13:02:18
Works as expected,3,2023-03-09 19:05:19
"Great interface, loading is quick and easy",4,2023-03-09 23:51:49
"Too expensive, the price keeps going up",2,2023-03-10 03:38:16
"The app is smooth and fast, no crashes at all",4,2023-03-10 07:21:26
"Amazing series, I love every episode",5,2023-03-10 08:41:18
"Very slow and buggy interface, constant error on login",1,2023-03-10 08:54:37
"Boring shows, they cancelled my favorite series",1,2023-03-10 09:16:54
"The app is smooth and fast, no crashes at all",4,2023-03-10 12:29:27
"Terrible bug, screen is stuck on loading",1,2023-03-10 13:34:03
"Worth every penny, the subscription price is fair",4,2023-03-10 15:13:28
"Very slow and buggy interface, constant error on login",2,2023-03-10 17:16:50
Works as expected,3,2023-03-10 17:30:36
"Worth every penny, the subscription price is fair",5,2023-03-10 22:53:40
"Best shows and movies, the new season is wonderful",5,2023-03-11 00:06:36
Payment failed again and no refund,1,2023-03-11 00:24:09
"Great interface, loading is quick and easy",5,2023-03-11 05:11:51
The app keeps freezing and crashing after the update,1,2023-03-11 06:31:26
"The app is smooth and fast, no crashes at all",5,2023-03-11 07:54:02
"Boring shows, they cancelled my favorite series",3,2023-03-11 08:57:51
"Worth every penny, the subscription price is fair",4,2023-03-11 10:55:08
"Love it, highly recommend",5,2023-03-11 17:07:01
The app keeps freezing and crashing after the update,2,2023-03-11 18:26:42
Good value for the money,5,2023-03-11 18:36:21
"Great interface, loading is quick and easy",4,2023-03-12 03:17:26
"Amazing series, I love every episode",4,2023-03-12 03:49:01
The app keeps freezing and crashing after the update,1,2023-03-12 07:22:02
The app keeps freezing and crashing after the update,1,2023-03-12 08:43:18
"Amazing series, I love every episode",4,2023-03-12 11:57:44
"Too expensive, the price keeps going up",2,2023-03-12 15:01:56
"The app is smooth and fast, no crashes at all",4,2023-03-12 17:21:58
"Boring shows, they cancelled my favorite series",2,2023-03-12 19:46:40
"Terrible bug, screen is stuck on loading",3,2023-03-12 23:36:24
The app keeps freezing and crashing after the update,2,2023-03-13 02:14:16
Payment failed again and no refund,2,2023-03-13 04:24:46
"Excellent, five stars",5,2023-03-13 04:32:14
Worst experience ever,1,2023-03-13 04:34:17
"Excellent, five stars",4,2023-03-13 13:48:11
Payment failed again and no refund,1,2023-03-13 17:16:42
"Very disappointed, I hate it",1,2023-03-13 19:29:11
"Amazing series, I love every episode",4,2023-03-14 03:16:10
It is okay,3,2023-03-14 08:16:02
Good value for the money,5,2023-03-14 10:35:15
The app keeps freezing and crashing after the update,1,2023-03-14 11:24:31
"Best shows and movies, the new season is wonderful",5,2023-03-14 15:03:10
"Amazing series, I love every episode",4,2023-03-14 17:37:01
"Too expensive, the price keeps going up",2,2023-03-14 19:17:26
"Boring shows, they cancelled my favorite series",2,2023-03-14 20:31:17
"Too expensive, the price keeps going up",2,2023-03-14 20:35:35
Fine for now,3,2023-03-15 03:38:57
"Worth every penny, the subscription price is fair",5,2023-03-15 11:43:04
"Boring shows, they cancelled my favorite series",1,2023-03-15 16:49:49
"Terrible bug, screen is stuck on loading",1,2023-03-15 18:31:18
Worst experience ever,3,2023-03-16 02:12:46
Good value for the money,5,2023-03-16 03:40:42
The app keeps freezing and crashing after the update,2,2023-03-16 04:27:10
"Worth every penny, the subscription price is fair",4,2023-03-16 07:57:32
"Bad movies lately, the new season is awful",2,2023-03-16 08:12:16
"Great interface, loading is quick and easy",5,2023-03-16 12:54:07
"Great interface, loading is quick and easy",5,2023-03-16 15:44:35
The app keeps freezing and crashing after the update,1,2023-03-16 21:08:19
"Terrible bug, screen is stuck on loading",2,2023-03-17 02:11:12
"Great interface, loading is quick and easy",5,2023-03-17 03:09:03
"Worth every penny, the subscription price is fair",4,2023-03-17 05:20:52
"Great interface, loading is quick and easy",5,2023-03-17 06:20:30
"Boring shows, they cancelled my favorite series",2,2023-03-17 09:30:26
"Worth every penny, the subscription price is fair",5,2023-03-17 16:02:05
"Boring shows, they cancelled my favorite series",3,2023-03-17 16:27:05
Good value for the money,4,2023-03-17 20:04:20
"The app is smooth and fast, no crashes at all",5,2023-03-17 21:50:02
"Very slow and buggy interface, constant error on login",2,2023-03-18 00:55:40
"Very slow and buggy interface, constant error on login",1,2023-03-18 01:39:20
"Bad movies lately, the new season is awful",2,2023-03-18 01:49:59
"Very slow and buggy interface, constant error on login",1,2023-03-18 03:10:53
"Great interface, loading is quick and easy",5,2023-03-18 06:12:06
"Very disappointed, I hate it",2,2023-03-18 10:54:58
Good value for the money,5,2023-03-18 13:20:30
Worst experience ever,1,2023-03-18 17:02:41
"Terrible bug, screen is stuck on loading",3,2023-03-18 17:06:27
"Very disappointed, I hate it",3,2023-03-18 17:37:51
"Terrible bug, screen is stuck on loading",3,2023-03-19 02:33:45
"Average, nothing special",3,2023-03-19 03:35:48
"Great interface, loading is quick and easy",4,2023-03-19 04:22:18
"Boring shows, they cancelled my favorite series",1,2023-03-19 06:03:51
"Amazing series, I love every episode",4,2023-03-19 10:58:49
"Very disappointed, I hate it",1,2023-03-19 14:57:44
"Amazing series, I love every episode",5,2023-03-19 18:46:22
Payment failed again and no refund,3,2023-03-19 19:54:10
The app keeps freezing and crashing after the update,3,2023-03-20 04:31:10
"Excellent, five stars",4,2023-03-20 04:52:41
Payment failed again and no refund,1,2023-03-20 13:33:42
It is okay,3,2023-03-20 14:06:04
Fine for now,3,2023-03-20 15:02:15
It is okay,3,2023-03-20 18:11:24
"Excellent, five stars",5,2023-03-20 19:52:16
"Boring shows, they cancelled my favorite series",1,2023-03-20 22:00:33
"Great interface, loading is quick and easy",5,2023-03-20 22:38:01
The app keeps freezing and crashing after the update,3,2023-03-20 23:16:32
"Best shows and movies, the new season is wonderful",5,2023-03-21 01:55:17
"Terrible bug, screen is stuck on loading",2,2023-03-21 02:35:57
"Worth every penny, the subscription price is fair",5,2023-03-21 04:25:22
"Boring shows, they cancelled my favorite series",1,2023-03-21 08:07:33
"Bad movies lately, the new season is awful",1,2023-03-21 16:02:37
"Very disappointed, I hate it",2,2023-03-21 17:10:25
"Bad movies lately, the new season is awful",1,2023-03-21 17:27:23
"Bad movies lately, the new season is awful",2,2023-03-21 19:39:58
"Average, nothing special",3,2023-03-21 23:45:50
"Amazing series, I love every episode",4,2023-03-22 02:35:51
It is okay,3,2023-03-22 04:17:36
"Excellent, five stars",5,2023-03-22 04:47:54
Works as expected,3,2023-03-22 07:11:31
"Ads and a higher subscription cost, waste of money",1,2023-03-22 12:07:35
"Worth every penny, the subscription price is fair",5,2023-03-22 22:57:42
"Too expensive, the price keeps going up",1,2023-03-23 02:51:41
It is okay,3,2023-03-23 06:58:39
Worst experience ever,1,2023-03-23 09:19:23
"Amazing series, I love every episode",4,2023-03-23 15:56:29
"Great interface, loading is quick and easy",4,2023-03-23 16:02:09
"Ads and a higher subscription cost, waste of money",1,2023-03-23 22:29:08
"Bad movies lately, the new season is awful",3,2023-03-23 22:53:16
"Best shows and movies, the new season is wonderful",5,2023-03-23 23:57:12
"Too expensive, the price keeps going up",2,2023-03-24 00:23:32
"Amazing series, I love every episode",5,2023-03-24 00:32:51
"Amazing series, I love every episode",5,2023-03-24 04:22:08
"Boring shows, they cancelled my favorite series",1,2023-03-24 06:41:00
"Very slow and buggy interface, constant error on login",1,2023-03-24 07:47:23
"Best shows and movies, the new season is wonderful",5,2023-03-24 15:02:07
"Ads and a higher subscription cost, waste of money",1,2023-03-24 15:32:30
"Amazing series, I love every episode",5,2023-03-25 03:46:47
"Too expensive, the price keeps going up",2,2023-03-25 05:19:02
"Bad movies lately, the new season is awful",1,2023-03-25 06:38:02
"Amazing series, I love every episode",5,2023-03-25 07:09:06
Good value for the money,5,2023-03-25 11:58:07
"Boring shows, they cancelled my favorite series",2,2023-03-25 17:43:32
Good value for the money,5,2023-03-25 19:50:48
Good value for the money,4,2023-03-25 20:32:26
"Amazing series, I love every episode",5,2023-03-26 03:02:37
"The app is smooth and fast, no crashes at all",4,2023-03-26 09:23:12
"Excellent, five stars",5,2023-03-26 09:23:38
"Very slow and buggy interface, constant error on login",1,2023-03-26 14:11:08
"Love it, highly recommend",4,2023-03-26 14:13:51
Fine for now,3,2023-03-27 03:26:59
Works as expected,3,2023-03-27 05:56:28
"Worth every penny, the subscription price is fair",4,2023-03-27 06:55:58
"Love it, highly recommend",5,2023-03-27 07:25:07
"Terrible bug, screen is stuck on loading",3,2023-03-27 09:06:03
Good value for the money,5,2023-03-27 12:05:25
The app keeps freezing and crashing after the update,2,2023-03-27 13:13:56
"Excellent, five stars",5,2023-03-27 14:10:31
"Best shows and movies, the new season is wonderful",5,2023-03-27 17:32:00
"Very slow and buggy interface, constant error on login",1,2023-03-27 18:24:12
"Excellent, five stars",5,2023-03-27 18:30:13
"Great interface, loading is quick and easy",5,2023-03-27 20:37:50
Fine for now,3,2023-03-28 00:44:01
"Boring shows, they cancelled my favorite series",2,2023-03-28 04:15:28
"Terrible bug, screen is stuck on loading",3,2023-03-28 12:48:01
"Very slow and buggy interface, constant error on login",1,2023-03-28 18:56:59
"Terrible bug, screen is stuck on loading",1,2023-03-28 19:09:55
Fine for now,3,2023-03-28 21:29:48
"Too expensive, the price keeps going up",3,2023-03-28 23:10:57
"Great interface, loading is quick and easy",5,2023-03-29 06:12:36
"Great interface, loading is quick and easy",4,2023-03-29 15:01:27
"Amazing series, I love every episode",4,2023-03-30 05:20:16
"Average, nothing special",3,2023-03-30 09:49:58
"Very disappointed, I hate it",1,2023-03-30 19:00:30
"Worth every penny, the subscription price is fair",4,2023-03-30 20:36:56
Fine for now,3,2023-03-30 20:44:51
"Great interface, loading is quick and easy",4,2023-03-31 01:25:04
"Great interface, loading is quick and easy",4,2023-03-31 03:58:54
"Boring shows, they cancelled my favorite series",1,2023-03-31 08:28:15
"Boring shows, they cancelled my favorite series",2,2023-03-31 17:28:44
"Worth every penny, the subscription price is fair",4,2023-03-31 21:24:20
"The app is smooth and fast, no crashes at all",4,2023-03-31 22:02:42
Good value for the money,5,2023-03-31 22:10:02
Payment failed again and no refund,2,2023-04-01 00:00:12
"Best shows and movies, the new season is wonderful",5,2023-04-01 00:09:59
"Very slow and buggy interface, constant error on login",1,2023-04-01 06:45:34
Worst experience ever,2,2023-04-01 10:36:57
"Ads and a higher subscription cost, waste of money",3,2023-04-01 14:34:47
"Best shows and movies, the new season is wonderful",4,2023-04-01 16:35:20
Fine for now,3,2023-04-01 20:24:50
"Best shows and movies, the new season is wonderful",5,2023-04-01 23:29:22
"Best shows and movies, the new season is wonderful",5,2023-04-02 02:20:42
"Excellent, five stars",4,2023-04-02 03:16:47
"Worth every penny, the subscription price is fair",5,2023-04-02 04:15:14
"Ads and a higher subscription cost, waste of money",1,2023-04-02 08:13:11
"Ads and a higher subscription cost, waste of money",2,2023-04-02 09:27:40
It is okay,3,2023-04-02 09:29:37
"Worth every penny, the subscription price is fair",4,2023-04-02 09:31:56
"Best shows and movies, the new season is wonderful",4,2023-04-02 10:42:39
"Terrible bug, screen is stuck on loading",2,2023-04-02 12:03:46
"Average, nothing special",3,2023-04-02 12:40:53
"Great interface, loading is quick and easy",5,2023-04-02 13:37:35
Fine for now,3,2023-04-02 14:50:21
Worst experience ever,1,2023-04-02 19:08:42
"The app is smooth and fast, no crashes at all",5,2023-04-02 22:49:27
"Amazing series, I love every episode",5,2023-04-03 00:03:27
"Boring shows, they cancelled my favorite series",2,2023-04-03 02:53:08
"Worth every penny, the subscription price is fair",4,2023-04-03 04:04:31
"The app is smooth and fast, no crashes at all",5,2023-04-03 04:29:53
"Boring shows, they cancelled my favorite series",1,2023-04-03 06:00:41
"Boring shows, they cancelled my favorite series",1,2023-04-03 09:57:31
"Worth every penny, the subscription price is fair",5,2023-04-03 15:23:48
The app keeps freezing and crashing after the update,2,2023-04-03 18:09:21
The app keeps freezing and crashing after the update,1,2023-04-03 21:06:15
"Average, nothing special",3,2023-04-04 03:06:21
"Bad movies lately, the new season is awful",1,2023-04-04 04:49:53
"Boring shows, they cancelled my favorite series",1,2023-04-04 14:44:43
"The app is smooth and fast, no crashes at all",4,2023-04-04 18:28:29
"Boring shows, they cancelled my favorite series",1,2023-04-04 18:41:24
"Amazing series, I love every episode",5,2023-04-04 22:54:20
"Best shows and movies, the new season is wonderful",5,2023-04-05 02:26:57
Good value for the money,4,2023-04-05 02:52:16
"Love it, highly recommend",5,2023-04-05 03:11:38
"Worth every penny, the subscription price is fair",4,2023-04-05 05:03:21
"The app is smooth and fast, no crashes at all",5,2023-04-05 13:47:00
"The app is smooth and fast, no crashes at all",5,2023-04-05 13:49:47
Fine for now,3,2023-04-05 13:59:53
Good value for the money,5,2023-04-05 18:49:33
The app keeps freezing and crashing after the update,2,2023-04-05 20:20:05
"Average, nothing special",3,2023-04-06 00:39:49
Good value for the money,5,2023-04-06 01:07:42
Worst experience ever,1,2023-04-06 05:51:48
It is okay,3,2023-04-06 05:55:49
Works as expected,3,2023-04-06 06:52:34
Good value for the money,4,2023-04-06 10:22:30
Works as expected,3,2023-04-06 11:08:55
"Very slow and buggy interface, constant error on login",2,2023-04-06 13:33:43
"Best shows and movies, the new season is wonderful",4,2023-04-06 16:35:14
"Very slow and buggy interface, constant error on login",1,2023-04-06 21:22:03
Works as expected,3,2023-04-07 07:02:54
Good value for the money,5,2023-04-07 09:16:45
Good value for the money,4,2023-04-07 19:29:53
"Terrible bug, screen is stuck on loading",1,2023-04-07 23:43:19
"Bad movies lately, the new season is awful",1,2023-04-08 02:02:09
"Very slow and buggy interface, constant error on login",1,2023-04-08 05:04:15
"Excellent, five stars",4,2023-04-08 06:38:56
"Boring shows, they cancelled my favorite series",1,2023-04-08 08:14:11
Good value for the money,5,2023-04-08 09:52:07
"Best shows and movies, the new season is wonderful",5,2023-04-08 19:00:28
Fine for now,3,2023-04-08 20:07:03
"Love it, highly recommend",4,2023-04-08 20:38:09
Good value for the money,5,2023-04-08 23:21:10
"Too expensive, the price keeps going up",1,2023-04-09 04:59:10
The app keeps freezing and crashing after the update,1,2023-04-09 07:01:28
"Best shows and movies, the new season is wonderful",5,2023-04-09 07:21:07
"Worth every penny, the subscription price is fair",4,2023-04-09 07:59:05
Payment failed again and no refund,3,2023-04-09 09:11:24
Worst experience ever,1,2023-04-09 10:46:09
Fine for now,3,2023-04-09 11:47:02
"Average, nothing special",3,2023-04-09 18:20:36
"Amazing series, I love every episode",4,2023-04-09 20:00:30
"Boring shows, they cancelled my favorite series",3,2023-04-10 00:36:25
"Excellent, five stars",5,2023-04-10 01:12:53
"Very slow and buggy interface, constant error on login",2,2023-04-10 04:22:45
"Best shows and movies, the new season is wonderful",4,2023-04-10 04:25:17
"Terrible bug, screen is stuck on loading",1,2023-04-10 07:01:52
"Too expensive, the price keeps going up",3,2023-04-10 10:32:05
"Amazing series, I love every episode",5,2023-04-10 13:07:40
"Amazing series, I love every episode",5,2023-04-10 19:42:37
"The app is smooth and fast, no crashes at all",5,2023-04-10 19:52:56
"Bad movies lately, the new season is awful",2,2023-04-10 23:04:15
"Too expensive, the price keeps going up",1,2023-04-11 10:18:48
Good value for the money,5,2023-04-11 17:51:05
"Boring shows, they cancelled my favorite series",2,2023-04-11 18:05:07
"Excellent, five stars",4,2023-04-11 20:31:52
"Best shows and movies, the new season is wonderful",5,2023-04-12 00:58:26
"Too expensive, the price keeps going up",2,2023-04-12 02:39:23
"Amazing series, I love every episode",5,2023-04-12 06:48:08
"Very disappointed, I hate it",1,2023-04-12 12:34:02
"Great interface, loading is quick and easy",5,2023-04-12 17:15:54
It is okay,3,2023-04-12 17:39:32
"Amazing series, I love every episode",5,2023-04-12 18:04:16
"Average, nothing special",3,2023-04-12 20:08:40
"Bad movies lately, the new season is awful",3,2023-04-12 20:29:53
"Love it, highly recommend",4,2023-04-12 23:39:07
"Great interface, loading is quick and easy",5,2023-04-13 01:42:46
"The app is smooth and fast, no crashes at all",5,2023-04-13 02:24:53
"Amazing series, I love every episode",5,2023-04-13 05:32:09
"Too expensive, the price keeps going up",2,2023-04-13 05:53:37
"Very slow and buggy interface, constant error on login",2,2023-04-13 06:07:59
It is okay,3,2023-04-13 10:33:18
"Great interface, loading is quick and easy",5,2023-04-13 10:36:13
"Best shows and movies, the new season is wonderful",5,2023-04-13 11:23:07
"Terrible bug, screen is stuck on loading",1,2023-04-13 12:42:25
"Very slow and buggy interface, constant error on login",2,2023-04-13 12:47:56
It is okay,3,2023-04-13 18:00:03
"Love it, highly recommend",5,2023-04-13 19:30:06
"Excellent, five stars",4,2023-04-13 20:19:20
"Boring shows, they cancelled my favorite series",2,2023-04-13 23:46:15
"Great interface, loading is quick and easy",4,2023-04-14 00:53:55
"Terrible bug, screen is stuck on loading",1,2023-04-14 06:04:40
"Great interface, loading is quick and easy",5,2023-04-14 07:29:22
Worst experience ever,2,2023-04-14 11:19:23
"Amazing series, I love every episode",5,2023-04-14 11:55:57
Good value for the money,5,2023-04-14 13:24:26
"Great interface, loading is quick and easy",5,2023-04-14 14:18:16
Good value for the money,5,2023-04-14 20:10:28
"Very disappointed, I hate it",2,2023-04-14 22:38:20
"Worth every penny, the subscription price is fair",5,2023-04-14 23:10:58
"The app is smooth and fast, no crashes at all",4,2023-04-15 00:36:14
"Terrible bug, screen is stuck on loading",2,2023-04-15 05:09:14
"Boring shows, they cancelled my favorite series",1,2023-04-15 08:05:35
"Amazing series, I love every episode",5,2023-04-15 15:33:02
Works as expected,3,2023-04-15 20:20:24
"Boring shows, they cancelled my favorite series",1,2023-04-15 22:56:05
"Amazing series, I love every episode",5,2023-04-15 23:33:39
"Great interface, loading is quick and easy",5,2023-04-15 23:34:08
"Bad movies lately, the new season is awful",1,2023-04-16 00:02:38
"Too expensive, the price keeps going up",3,2023-04-16 00:10:11
"Bad movies lately, the new season is awful",1,2023-04-16 07:27:44
"Best shows and movies, the new season is wonderful",5,2023-04-16 09:35:13
Worst experience ever,3,2023-04-16 15:30:00
"Very slow and buggy interface, constant error on login",2,2023-04-16 16:14:02
"Very slow and buggy interface, constant error on login",3,2023-04-16 18:12:11
"The app is smooth and fast, no crashes at all",4,2023-04-17 03:16:49
"Very slow and buggy interface, constant error on login",1,2023-04-17 06:09:05
Worst experience ever,1,2023-04-17 12:37:37
Good value for the money,5,2023-04-17 14:00:18
Good value for the money,5,2023-04-17 17:15:50
"Terrible bug, screen is stuck on loading",1,2023-04-18 02:43:50
Good value for the money,5,2023-04-18 06:00:05
"Amazing series, I love every episode",4,2023-04-18 15:20:34
"The app is smooth and fast, no crashes at all",5,2023-04-18 16:04:43
"Bad movies lately, the new season is awful",3,2023-04-18 17:49:35
"Bad movies lately, the new season is awful",1,2023-04-18 20:20:54
"Best shows and movies, the new season is wonderful",5,2023-04-18 23:28:56
"Great interface, loading is quick and easy",5,2023-04-19 00:05:58
"Very disappointed, I hate it",3,2023-04-19 00:32:36
"Boring shows, they cancelled my favorite series",1,2023-04-19 02:57:17
"Boring shows, they cancelled my favorite series",1,2023-04-19 07:17:18
Good value for the money,5,2023-04-19 07:20:33
"Best shows and movies, the new season is wonderful",4,2023-04-19 13:47:35
"Ads and a higher subscription cost, waste of money",3,2023-04-19 15:22:25
"The app is smooth and fast, no crashes at all",5,2023-04-19 15:56:07
"Very slow and buggy interface, constant error on login",3,2023-04-19 20:18:57
"Boring shows, they cancelled my favorite series",2,2023-04-20 06:53:53
"Very slow and buggy interface, constant error on login",1,2023-04-20 07:16:41
"Bad movies lately, the new season is awful",3,2023-04-20 07:40:07
"Too expensive, the price keeps going up",1,2023-04-20 08:04:36
"Great interface, loading is quick and easy",5,2023-04-20 09:15:32
"Very slow and buggy interface, constant error on login",3,2023-04-20 09:42:58
"Amazing series, I love every episode",4,2023-04-20 09:59:04
Worst experience ever,2,2023-04-20 10:33:32
"The app is smooth and fast, no crashes at all",5,2023-04-20 12:54:29
Works as expected,3,2023-04-20 21:44:35
"Great interface, loading is quick and easy",5,2023-04-20 21:50:06
Payment failed again and no refund,2,2023-04-20 23:57:15
"Bad movies lately, the new season is awful",3,2023-04-21 00:29:48
"Amazing series, I love every episode",5,2023-04-21 03:27:20
"The app is smooth and fast, no crashes at all",5,2023-04-21 05:08:39
"Too expensive, the price keeps going up",1,2023-04-21 06:35:37
"Best shows and movies, the new season is wonderful",5,2023-04-21 07:13:15
"Worth every penny, the subscription price is fair",5,2023-04-21 08:27:03
"Worth every penny, the subscription price is fair",4,2023-04-21 11:43:39
"Terrible bug, screen is stuck on loading",3,2023-04-21 15:08:04
"Worth every penny, the subscription price is fair",5,2023-04-21 18:55:14
"Terrible bug, screen is stuck on loading",1,2023-04-22 03:02:38
"Boring shows, they cancelled my favorite series",3,2023-04-22 06:21:05
"The app is smooth and fast, no crashes at all",4,2023-04-22 12:53:01
"Bad movies lately, the new season is awful",1,2023-04-22 13:45:09
"Terrible bug, screen is stuck on loading",2,2023-04-22 14:48:02
"Bad movies lately, the new season is awful",2,2023-04-22 19:18:40
"Worth every penny, the subscription price is fair",4,2023-04-23 02:08:50
"Very slow and buggy interface, constant error on login",2,2023-04-23 08:18:42
"Average, nothing special",3,2023-04-23 10:29:44
"Great interface, loading is quick and easy",4,2023-04-23 16:32:42
Fine for now,3,2023-04-23 17:19:38
"Amazing series, I love every episode",5,2023-04-23 19:45:36
"Average, nothing special",3,2023-04-23 23:18:29
The app keeps freezing and crashing after the update,3,2023-04-24 04:27:54
"Average, nothing special",3,2023-04-24 07:36:35
Works as expected,3,2023-04-24 12:30:33
"Worth every penny, the subscription price is fair",4,2023-04-24 15:39:03
"Love it, highly recommend",5,2023-04-24 15:52:17
"Best shows and movies, the new season is wonderful",5,2023-04-24 22:40:25
"Worth every penny, the subscription price is fair",5,2023-04-24 23:50:09
The app keeps freezing and crashing after the update,1,2023-04-25 03:43:54
"Excellent, five stars",4,2023-04-25 11:37:19
It is okay,3,2023-04-25 14:04:01
The app keeps freezing and crashing after the update,2,2023-04-25 18:13:32
"The app is smooth and fast, no crashes at all",5,2023-04-25 19:32:21
"Amazing series, I love every episode",5,2023-04-26 00:30:03
"Bad movies lately, the new season is awful",3,2023-04-26 01:30:53
"Bad movies lately, the new season is awful",1,2023-04-26 01:43:59
"Amazing series, I love every episode",5,2023-04-26 03:24:25
"Bad movies lately, the new season is awful",2,2023-04-26 04:58:38
Good value for the money,5,2023-04-26 06:46:45
It is okay,3,2023-04-26 09:31:30
"The app is smooth and fast, no crashes at all",5,2023-04-26 15:03:26
Works as expected,3,2023-04-26 17:44:31
Fine for now,3,2023-04-26 19:32:29
"Great interface, loading is quick and easy",4,2023-04-26 21:06:06
"Worth every penny, the subscription price is fair",4,2023-04-27 00:37:57
It is okay,3,2023-04-27 02:26:21
"Amazing series, I love every episode",5,2023-04-27 08:12:28
"Best shows and movies, the new season is wonderful",5,2023-04-27 11:57:45
Payment failed again and no refund,3,2023-04-27 17:43:03
"Great interface, loading is quick and easy",5,2023-04-27 20:09:02
The app keeps freezing and crashing after the update,3,2023-04-28 03:31:36
The app keeps freezing and crashing after the update,1,2023-04-28 04:12:26
"Excellent, five stars",4,2023-04-28 06:39:02
The app keeps freezing and crashing after the update,2,2023-04-28 08:55:54
Payment failed again and no refund,2,2023-04-28 10:02:26
"Best shows and movies, the new season is wonderful",5,2023-04-28 12:23:07
"Great interface, loading is quick and easy",5,2023-04-28 12:58:12
It is okay,3,2023-04-28 16:12:35
"Ads and a higher subscription cost, waste of money",1,2023-04-28 16:46:52
"The app is smooth and fast, no crashes at all",5,2023-04-28 16:47:38
"Too expensive, the price keeps going up",2,2023-04-28 20:17:28
"Terrible bug, screen is stuck on loading",3,2023-04-29 01:33:02
"Boring shows, they cancelled my favorite series",2,2023-04-29 04:51:00
"Best shows and movies, the new season is wonderful",5,2023-04-29 13:34:26
Good value for the money,4,2023-04-29 15:52:34
"The app is smooth and fast, no crashes at all",5,2023-04-29 16:17:25
"The app is smooth and fast, no crashes at all",5,2023-04-29 16:30:59
"The app is smooth and fast, no crashes at all",5,2023-04-29 16:59:54
"Terrible bug, screen is stuck on loading",3,2023-04-29 21:06:30
Works as expected,3,2023-04-30 00:50:18
"Great interface, loading is quick and easy",4,2023-04-30 01:31:50
The app keeps freezing and crashing after the update,2,2023-04-30 09:28:52
Works as expected,3,2023-04-30 16:14:14
Worst experience ever,2,2023-04-30 17:06:26
"Very disappointed, I hate it",2,2023-05-01 01:27:05
"Average, nothing special",3,2023-05-01 07:45:26
"Love it, highly recommend",5,2023-05-01 09:12:55
"Amazing series, I love every episode",5,2023-05-01 10:38:09
Fine for now,3,2023-05-01 10:40:55
"Too expensive, the price keeps going up",2,2023-05-01 14:53:08
Good value for the money,4,2023-05-01 15:57:25
"Very disappointed, I hate it",3,2023-05-01 18:20:43
"Amazing series, I love every episode",5,2023-05-01 19:52:36
"The app is smooth and fast, no crashes at all",4,2023-05-01 20:11:48
"Boring shows, they cancelled my favorite series",2,2023-05-01 20:30:21
"Excellent, five stars",4,2023-05-01 22:49:38
It is okay,3,2023-05-01 23:22:19
Payment failed again and no refund,1,2023-05-02 01:08:13
The app keeps freezing and crashing after the update,2,2023-05-02 01:25:23
"Very disappointed, I hate it",1,2023-05-02 03:30:48
"Great interface, loading is quick and easy",5,2023-05-02 05:32:43
Payment failed again and no refund,2,2023-05-02 07:15:40
"Bad movies lately, the new season is awful",1,2023-05-02 08:43:40
"Terrible bug, screen is stuck on loading",2,2023-05-02 20:18:36
"Excellent, five stars",5,2023-05-03 00:14:28
"Best shows and movies, the new season is wonderful",5,2023-05-03 01:16:42
Worst experience ever,1,2023-05-03 09:06:07
"Terrible bug, screen is stuck on loading",3,2023-05-03 13:56:21
"The app is smooth and fast, no crashes at all",5,2023-05-03 16:33:34
"Worth every penny, the subscription price is fair",4,2023-05-03 20:11:52
"Average, nothing special",3,2023-05-04 06:28:52
"Bad movies lately, the new season is awful",1,2023-05-04 07:13:14
"Love it, highly recommend",5,2023-05-04 07:45:48
"Boring shows, they cancelled my favorite series",1,2023-05-04 07:52:41
"The app is smooth and fast, no crashes at all",4,2023-05-04 09:13:38
"Worth every penny, the subscription price is fair",5,2023-05-04 11:13:30
"The app is smooth and fast, no crashes at all",4,2023-05-04 16:13:47
"Bad movies lately, the new season is awful",2,2023-05-04 16:28:38
Works as expected,3,2023-05-04 17:23:33
"Amazing series, I love every episode",5,2023-05-04 17:30:20
"Amazing series, I love every episode",5,2023-05-04 19:23:47
"Worth every penny, the subscription price is fair",4,2023-05-04 20:47:32
Fine for now,3,2023-05-05 05:17:35
"Best shows and movies, the new season is wonderful",5,2023-05-05 05:19:58
"Worth every penny, the subscription price is fair",5,2023-05-05 05:35:55
The app keeps freezing and crashing after the update,1,2023-05-05 06:23:53
"Amazing series, I love every episode",4,2023-05-05 08:09:22
Works as expected,3,2023-05-05 08:33:12
"Terrible bug, screen is stuck on loading",1,2023-05-05 13:34:06
"Best shows and movies, the new season is wonderful",5,2023-05-05 13:35:36
Works as expected,3,2023-05-06 01:04:55
"Worth every penny, the subscription price is fair",4,2023-05-06 02:33:31
The app keeps freezing and crashing after the update,1,2023-05-06 02:49:02
Fine for now,3,2023-05-06 10:08:25
"Boring shows, they cancelled my favorite series",2,2023-05-06 16:27:13
Good value for the money,5,2023-05-06 22:36:29
"Terrible bug, screen is stuck on loading",2,2023-05-07 00:01:24
"Bad movies lately, the new season is awful",1,2023-05-07 09:49:49
Worst experience ever,1,2023-05-07 12:47:56
Good value for the money,5,2023-05-07 13:52:21
Works as expected,3,2023-05-07 18:09:42
"Bad movies lately, the new season is awful",2,2023-05-07 18:53:28
"Boring shows, they cancelled my favorite series",3,2023-05-07 18:59:47
"Amazing series, I love every episode",4,2023-05-07 21:36:07
"Great interface, loading is quick and easy",5,2023-05-08 00:39:26
"Worth every penny, the subscription price is fair",5,2023-05-08 02:53:25
"Very slow and buggy interface, constant error on login",1,2023-05-08 12:48:53
"Very disappointed, I hate it",3,2023-05-08 13:10:00
"Worth every penny, the subscription price is fair",5,2023-05-08 13:19:37
"Best shows and movies, the new season is wonderful",5,2023-05-08 14:56:30
"Worth every penny, the subscription price is fair",5,2023-05-08 15:28:22
"Very slow and buggy interface, constant error on login",1,2023-05-08 17:23:58
"Great interface, loading is quick and easy",5,2023-05-08 18:41:26
The app keeps freezing and crashing after the update,1,2023-05-09 00:58:34
"Very disappointed, I hate it",3,2023-05-09 05:01:46
"Great interface, loading is quick and easy",5,2023-05-09 21:49:36
It is okay,3,2023-05-09 23:08:55
"Worth every penny, the subscription price is fair",4,2023-05-10 03:24:05
"Worth every penny, the subscription price is fair",5,2023-05-10 03:37:49
Good value for the money,5,2023-05-10 04:49:32
"Great interface, loading is quick and easy",5,2023-05-10 08:42:39
It is okay,3,2023-05-10 12:32:01
"Boring shows, they cancelled my favorite series",1,2023-05-10 16:10:49
Worst experience ever,3,2023-05-10 17:27:05
"Excellent, five stars",4,2023-05-10 18:26:25
"Terrible bug, screen is stuck on loading",1,2023-05-10 19:29:47
"Great interface, loading is quick and easy",4,2023-05-10 23:16:20
"Bad movies lately, the new season is awful",1,2023-05-11 01:30:30
"Amazing series, I love every episode",5,2023-05-11 02:15:11
"Amazing series, I love every episode",4,2023-05-11 05:39:40
"Great interface, loading is quick and easy",5,2023-05-11 06:20:10
"Best shows and movies, the new season is wonderful",5,2023-05-11 07:45:45
"Boring shows, they cancelled my favorite series",1,2023-05-11 10:51:47
Good value for the money,4,2023-05-11 12:15:46
"Best shows and movies, the new season is wonderful",4,2023-05-11 12:46:26
"Boring shows, they cancelled my favorite series",2,2023-05-11 18:41:30
"Love it, highly recommend",5,2023-05-11 21:35:04
"Great interface, loading is quick and easy",5,2023-05-12 01:11:08
"Terrible bug, screen is stuck on loading",1,2023-05-12 04:21:57
"Boring shows, they cancelled my favorite series",2,2023-05-12 04:33:49
"Boring shows, they cancelled my favorite series",1,2023-05-12 05:47:10
"Boring shows, they cancelled my favorite series",3,2023-05-12 09:59:16
Good value for the money,5,2023-05-12 10:18:38
"Great interface, loading is quick and easy",5,2023-05-12 11:24:49
"Worth every penny, the subscription price is fair",4,2023-05-12 16:16:39
"Too expensive, the price keeps going up",2,2023-05-12 20:07:07
"Terrible bug, screen is stuck on loading",2,2023-05-12 23:11:01
Payment failed again and no refund,2,2023-05-13 00:22:33
"Average, nothing special",3,2023-05-13 01:15:55
"Bad movies lately, the new season is awful",3,2023-05-13 03:40:38
"Love it, highly recommend",5,2023-05-13 07:44:31
"Love it, highly recommend",5,2023-05-13 10:38:34
"Bad movies lately, the new season is awful",2,2023-05-13 17:25:39
The app keeps freezing and crashing after the update,2,2023-05-13 18:28:52
Good value for the money,5,2023-05-13 21:28:37
"Average, nothing special",3,2023-05-14 01:45:45
"The app is smooth and fast, no crashes at all",5,2023-05-14 03:03:31
"Best shows and movies, the new season is wonderful",5,2023-05-14 04:27:01
"Worth every penny, the subscription price is fair",4,2023-05-14 06:42:31
"Amazing series, I love every episode",5,2023-05-14 08:48:05
"Too expensive, the price keeps going up",1,2023-05-14 10:45:21
It is okay,3,2023-05-14 14:49:27
"Great interface, loading is quick and easy",4,2023-05-14 16:36:33
"The app is smooth and fast, no crashes at all",5,2023-05-14 16:58:42
The app keeps freezing and crashing after the update,2,2023-05-14 20:47:58
It is okay,3,2023-05-14 21:12:06
"Love it, highly recommend",5,2023-05-14 23:38:16
"Ads and a higher subscription cost, waste of money",3,2023-05-15 07:16:37
It is okay,3,2023-05-15 12:17:02
"Great interface, loading is quick and easy",4,2023-05-15 21:10:21
"Worth every penny, the subscription price is fair",4,2023-05-16 03:43:22
"Love it, highly recommend",5,2023-05-16 10:15:15
"Too expensive, the price keeps going up",1,2023-05-16 15:31:16
"Best shows and movies, the new season is wonderful",5,2023-05-16 16:21:01
"Great interface, loading is quick and easy",5,2023-05-16 19:36:04
"Love it, highly recommend",5,2023-05-16 19:45:05
Good value for the money,5,2023-05-16 22:58:34
"Boring shows, they cancelled my favorite series",2,2023-05-17 02:04:07
"Too expensive, the price keeps going up",1,2023-05-17 04:57:44
"Terrible bug, screen is stuck on loading",2,2023-05-17 07:58:08
"Boring shows, they cancelled my favorite series",3,2023-05-17 14:18:38
"Amazing series, I love every episode",4,2023-05-18 00:17:00
"Amazing series, I love every episode",5,2023-05-18 04:56:35
"Best shows and movies, the new season is wonderful",5,2023-05-18 06:36:57
"Worth every penny, the subscription price is fair",5,2023-05-18 12:22:35
"Bad movies lately, the new season is awful",2,2023-05-18 16:12:53
"Ads and a higher subscription cost, waste of money",1,2023-05-18 16:22:34
"Love it, highly recommend",5,2023-05-18 23:04:28
Fine for now,3,2023-05-19 03:11:46
"Great interface, loading is quick and easy",4,2023-05-19 10:41:02
Good value for the money,5,2023-05-19 13:49:52
"Amazing series, I love every episode",5,2023-05-19 17:23:40
"Amazing series, I love every episode",5,2023-05-19 19:05:38
"Boring shows, they cancelled my favorite series",1,2023-05-20 00:28:02
"Bad movies lately, the new season is awful",1,2023-05-20 05:05:12
"Ads and a higher subscription cost, waste of money",2,2023-05-20 07:21:44
Fine for now,3,2023-05-20 14:53:46
Good value for the money,5,2023-05-20 15:04:17
It is okay,3,2023-05-20 17:54:38
Payment failed again and no refund,2,2023-05-20 22:22:24
"Best shows and movies, the new season is wonderful",5,2023-05-20 22:50:34
"The app is smooth and fast, no crashes at all",4,2023-05-21 01:50:53
"Love it, highly recommend",5,2023-05-21 04:07:40
"Worth every penny, the subscription price is fair",5,2023-05-21 04:09:03
"Great interface, loading is quick and easy",5,2023-05-21 05:03:11
"Worth every penny, the subscription price is fair",5,2023-05-21 07:39:16
"Amazing series, I love every episode",5,2023-05-21 13:58:50
"Bad movies lately, the new season is awful",3,2023-05-21 15:52:07
Good value for the money,5,2023-05-21 17:01:30
"Bad movies lately, the new season is awful",3,2023-05-21 18:49:53
"Best shows and movies, the new season is wonderful",5,2023-05-21 20:07:58
Fine for now,3,2023-05-21 22:00:23
"Amazing series, I love every episode",5,2023-05-22 00:06:42
"Excellent, five stars",4,2023-05-22 10:54:12
"Very slow and buggy interface, constant error on login",2,2023-05-22 12:48:29
Payment failed again and no refund,2,2023-05-22 18:20:53
"Terrible bug, screen is stuck on loading",3,2023-05-22 18:40:58
"Bad movies lately, the new season is awful",1,2023-05-22 21:16:03
"Average, nothing special",3,2023-05-22 22:49:17
Fine for now,3,2023-05-22 23:08:16
"Great interface, loading is quick and easy",4,2023-05-22 23:25:40
"Boring shows, they cancelled my favorite series",2,2023-05-23 02:31:42
"The app is smooth and fast, no crashes at all",4,2023-05-23 04:06:13
"Love it, highly recommend",4,2023-05-23 05:25:58
"Amazing series, I love every episode",4,2023-05-23 11:02:25
"Amazing series, I love every episode",5,2023-05-23 12:46:22
Works as expected,3,2023-05-23 14:32:32
"The app is smooth and fast, no crashes at all",5,2023-05-23 18:03:50
"Very disappointed, I hate it",2,2023-05-23 20:07:46
"Great interface, loading is quick and easy",5,2023-05-23 21:17:02
Fine for now,3,2023-05-23 21:37:59
"Too expensive, the price keeps going up",1,2023-05-24 00:39:27
"Excellent, five stars",4,2023-05-24 05:27:57
"Great interface, loading is quick and easy",4,2023-05-24 06:34:20
"Excellent, five stars",4,2023-05-24 13:14:01
"Best shows and movies, the new season is wonderful",5,2023-05-24 15:14:22
"Very slow and buggy interface, constant error on login",1,2023-05-24 17:48:44
The app keeps freezing and crashing after the update,2,2023-05-24 20:31:04
Works as expected,3,2023-05-25 06:31:07
The app keeps freezing and crashing after the update,2,2023-05-25 09:32:31
"Excellent, five stars",4,2023-05-25 13:10:24
"Great interface, loading is quick and easy",4,2023-05-25 16:47:36
"Bad movies lately, the new season is awful",3,2023-05-25 16:58:58
"Boring shows, they cancelled my favorite series",1,2023-05-25 18:52:56
"Best shows and movies, the new season is wonderful",5,2023-05-25 19:10:48
"Very slow and buggy interface, constant error on login",2,2023-05-25 19:33:25
"Best shows and movies, the new season is wonderful",5,2023-05-25 20:13:08
"Very disappointed, I hate it",1,2023-05-25 21:39:53
"The app is smooth and fast, no crashes at all",4,2023-05-25 21:47:12
"Love it, highly recommend",5,2023-05-26 00:03:13
"Bad movies lately, the new season is awful",3,2023-05-26 11:15:08
"Bad movies lately, the new season is awful",2,2023-05-26 14:21:34
"Bad movies lately, the new season is awful",2,2023-05-26 16:27:23
"Worth every penny, the subscription price is fair",5,2023-05-26 18:13:42
"Amazing series, I love every episode",5,2023-05-26 19:18:51
"Average, nothing special",3,2023-05-26 20:00:49
"Best shows and movies, the new season is wonderful",5,2023-05-26 23:56:43
"Love it, highly recommend",5,2023-05-27 00:07:28
"Best shows and movies, the new season is wonderful",5,2023-05-27 01:28:07
Works as expected,3,2023-05-27 02:44:23
"Best shows and movies, the new season is wonderful",5,2023-05-27 03:22:17
"Very slow and buggy interface, constant error on login",1,2023-05-28 06:16:35
"Best shows and movies, the new season is wonderful",4,2023-05-28 07:40:21
"Best shows and movies, the new season is wonderful",4,2023-05-28 10:53:46
Payment failed again and no refund,1,2023-05-28 12:18:56
Works as expected,3,2023-05-28 12:27:48
"Great interface, loading is quick and easy",4,2023-05-28 20:09:11
"Best shows and movies, the new season is wonderful",5,2023-05-28 20:17:24
"Terrible bug, screen is stuck on loading",1,2023-05-28 21:23:09
Works as expected,3,2023-05-28 23:05:01
"Best shows and movies, the new season is wonderful",5,2023-05-29 03:11:35
"Great interface, loading is quick and easy",4,2023-05-29 15:51:53
"Worth every penny, the subscription price is fair",5,2023-05-29 21:42:22
"Best shows and movies, the new season is wonderful",5,2023-05-29 22:59:02
"Average, nothing special",3,2023-05-30 01:28:17
"Best shows and movies, the new season is wonderful",5,2023-05-30 11:02:40
"Terrible bug, screen is stuck on loading",2,2023-05-30 13:25:43
It is okay,3,2023-05-31 02:09:35
"Great interface, loading is quick and easy",5,2023-05-31 09:03:26
"Worth every penny, the subscription price is fair",5,2023-05-31 10:59:40
It is okay,3,2023-05-31 11:46:20
"Boring shows, they cancelled my favorite series",2,2023-05-31 12:43:40
"Too expensive, the price keeps going up",2,2023-05-31 13:30:26
Worst experience ever,2,2023-06-01 01:52:32
"Best shows and movies, the new season is wonderful",4,2023-06-01 04:43:58
"Boring shows, they cancelled my favorite series",2,2023-06-01 07:58:03
"Amazing series, I love every episode",5,2023-06-01 13:17:06
"Boring shows, they cancelled my favorite series",1,2023-06-01 14:07:48
Good value for the money,5,2023-06-01 14:13:28
"Best shows and movies, the new season is wonderful",5,2023-06-01 17:52:54
"Very slow and buggy interface, constant error on login",3,2023-06-01 19:57:54
The app keeps freezing and crashing after the update,1,2023-06-01 21:55:57
"Amazing series, I love every episode",4,2023-06-02 04:18:45
"Amazing series, I love every episode",5,2023-06-02 04:38:24
"Boring shows, they cancelled my favorite series",1,2023-06-02 05:09:18
"Bad movies lately, the new season is awful",2,2023-06-02 08:28:36
"Best shows and movies, the new season is wonderful",5,2023-06-02 11:35:50
"Ads and a higher subscription cost, waste of money",1,2023-06-02 18:30:19
"Average, nothing special",3,2023-06-02 20:05:40
"Excellent, five stars",5,2023-06-03 03:47:01
"Great interface, loading is quick and easy",4,2023-06-03 07:28:42
"The app is smooth and fast, no crashes at all",5,2023-06-03 07:36:34
"Very slow and buggy interface, constant error on login",1,2023-06-03 08:23:11
"Worth every penny, the subscription price is fair",5,2023-06-03 15:39:20
Works as expected,3,2023-06-03 19:12:13
"Amazing series, I love every episode",5,2023-06-04 01:50:08
"Great interface, loading is quick and easy",4,2023-06-04 09:45:46
Good value for the money,5,2023-06-04 12:55:25
"The app is smooth and fast, no crashes at all",5,2023-06-04 15:28:57
"Excellent, five stars",5,2023-06-04 20:57:44
Good value for the money,5,2023-06-04 23:08:01
"Excellent, five stars",4,2023-06-05 03:09:22
"Ads and a higher subscription cost, waste of money",2,2023-06-05 04:47:54
Worst experience ever,1,2023-06-05 04:51:35
Good value for the money,5,2023-06-05 05:05:55
"Amazing series, I love every episode",5,2023-06-05 13:12:14
"Bad movies lately, the new season is awful",1,2023-06-05 15:52:13
"Terrible bug, screen is stuck on loading",1,2023-06-06 03:40:24
"Very disappointed, I hate it",2,2023-06-06 09:12:12
"Bad movies lately, the new season is awful",1,2023-06-06 09:35:41
"Worth every penny, the subscription price is fair",4,2023-06-06 10:26:39
"Terrible bug, screen is stuck on loading",2,2023-06-06 10:42:12
"Bad movies lately, the new season is awful",2,2023-06-06 11:08:08
Payment failed again and no refund,1,2023-06-06 12:35:53
"The app is smooth and fast, no crashes at all",5,2023-06-06 13:55:22
"Amazing series, I love every episode",5,2023-06-06 17:59:24
"Great interface, loading is quick and easy",5,2023-06-06 21:40:05
"Love it, highly recommend",4,2023-06-06 22:50:10
"Great interface, loading is quick and easy",5,2023-06-07 01:29:59
"Best shows and movies, the new season is wonderful",5,2023-06-07 02:09:42
"The app is smooth and fast, no crashes at all",4,2023-06-07 02:40:00
"Amazing series, I love every episode",5,2023-06-07 08:28:17
"Best shows and movies, the new season is wonderful",5,2023-06-07 10:50:53
Fine for now,3,2023-06-07 11:17:25
"Boring shows, they cancelled my favorite series",1,2023-06-07 13:14:23
"The app is smooth and fast, no crashes at all",5,2023-06-07 15:56:06
"Too expensive, the price keeps going up",1,2023-06-07 16:52:51
"Amazing series, I love every episode",5,2023-06-07 21:46:12
It is okay,3,2023-06-07 21:52:45
"Too expensive, the price keeps going up",2,2023-06-08 03:19:40
"Ads and a higher subscription cost, waste of money",1,2023-06-08 05:45:01
"Love it, highly recommend",5,2023-06-08 07:09:45
Worst experience ever,1,2023-06-08 15:00:40
"Love it, highly recommend",5,2023-06-08 17:02:50
"The app is smooth and fast, no crashes at all",5,2023-06-08 22:24:49
"Amazing series, I love every episode",5,2023-06-09 01:59:08
It is okay,3,2023-06-09 02:13:39
"Ads and a higher subscription cost, waste of money",1,2023-06-09 07:24:44
"Best shows and movies, the new season is wonderful",5,2023-06-09 08:55:51
"Best shows and movies, the new season is wonderful",5,2023-06-09 12:02:51
"Boring shows, they cancelled my favorite series",3,2023-06-09 23:34:08
"Very disappointed, I hate it",2,2023-06-10 02:30:12
Fine for now,3,2023-06-10 06:01:19
"Too expensive, the price keeps going up",1,2023-06-10 09:10:53
Fine for now,3,2023-06-10 10:36:15
"Best shows and movies, the new season is wonderful",5,2023-06-10 15:55:40
Fine for now,3,2023-06-10 21:31:09
Good value for the money,5,2023-06-10 21:40:17
It is okay,3,2023-06-11 00:15:46
"Very slow and buggy interface, constant error on login",2,2023-06-11 04:41:59
"Ads and a higher subscription cost, waste of money",1,2023-06-11 04:48:10
It is okay,3,2023-06-11 05:49:40
Payment failed again and no refund,1,2023-06-11 06:36:44
"Love it, highly recommend",4,2023-06-11 07:05:46
"Worth every penny, the subscription price is fair",4,2023-06-11 11:33:48
"Amazing series, I love every episode",4,2023-06-11 11:37:58
"The app is smooth and fast, no crashes at all",5,2023-06-11 14:56:20
"Great interface, loading is quick and easy",5,2023-06-11 15:26:55
"Boring shows, they cancelled my favorite series",2,2023-06-11 16:07:59
"Very slow and buggy interface, constant error on login",3,2023-06-11 18:42:58
"The app is smooth and fast, no crashes at all",4,2023-06-11 21:39:52
"Very slow and buggy interface, constant error on login",2,2023-06-12 00:15:18
"Best shows and movies, the new season is wonderful",5,2023-06-12 05:00:13
"Average, nothing special",3,2023-06-12 09:00:06
"Amazing series, I love every episode",4,2023-06-12 12:09:46
Good value for the money,5,2023-06-12 12:19:10
Payment failed again and no refund,2,2023-06-12 22:16:07
Good value for the money,4,2023-06-13 02:26:09
"Love it, highly recommend",5,2023-06-13 02:55:58
It is okay,3,2023-06-13 03:01:18
"Bad movies lately, the new season is awful",2,2023-06-13 07:37:51
Fine for now,3,2023-06-13 07:44:11
Fine for now,3,2023-06-13 08:26:29
"Great interface, loading is quick and easy",4,2023-06-13 11:03:58
It is okay,3,2023-06-13 14:00:32
"Amazing series, I love every episode",5,2023-06-13 14:25:50
"Very disappointed, I hate it",1,2023-06-13 19:22:50
"Amazing series, I love every episode",5,2023-06-14 05:48:18
"Excellent, five stars",4,2023-06-14 09:58:38
"Best shows and movies, the new season is wonderful",4,2023-06-14 15:19:53
"Terrible bug, screen is stuck on loading",2,2023-06-14 19:43:09
The app keeps freezing and crashing after the update,1,2023-06-15 04:32:26
"Amazing series, I love every episode",5,2023-06-15 04:56:53
Good value for the money,4,2023-06-15 06:03:24
"The app is smooth and fast, no crashes at all",4,2023-06-15 06:52:58
"Best shows and movies, the new season is wonderful",5,2023-06-15 14:13:48
"Bad movies lately, the new season is awful",3,2023-06-15 14:18:07
The app keeps freezing and crashing after the update,2,2023-06-15 19:52:34
"Worth every penny, the subscription price is fair",4,2023-06-15 21:11:38
"Great interface, loading is quick and easy",5,2023-06-15 21:20:29
"Love it, highly recommend",4,2023-06-16 05:13:31
"Great interface, loading is quick and easy",4,2023-06-16 05:38:09
The app keeps freezing and crashing after the update,3,2023-06-16 10:43:26
"Boring shows, they cancelled my favorite series",2,2023-06-16 11:12:58
Good value for the money,5,2023-06-16 12:14:49
"Average, nothing special",3,2023-06-16 12:41:28
The app keeps freezing and crashing after the update,3,2023-06-16 15:32:15
"Best shows and movies, the new season is wonderful",5,2023-06-16 19:40:52
"Very slow and buggy interface, constant error on login",2,2023-06-17 01:46:25
"Excellent, five stars",4,2023-06-17 08:28:13
"Very disappointed, I hate it",2,2023-06-17 12:18:43
The app keeps freezing and crashing after the update,2,2023-06-17 15:02:18
"Terrible bug, screen is stuck on loading",1,2023-06-17 18:41:18
"Great interface, loading is quick and easy",4,2023-06-18 07:26:12
"Great interface, loading is quick and easy",5,2023-06-18 08:35:35
Good value for the money,4,2023-06-18 09:15:30
"Very slow and buggy interface, constant error on login",3,2023-06-18 13:32:32
"Great interface, loading is quick and easy",4,2023-06-18 19:24:26
"Best shows and movies, the new season is wonderful",5,2023-06-19 04:31:39
"Terrible bug, screen is stuck on loading",1,2023-06-19 06:09:53
It is okay,3,2023-06-19 11:13:27
"Great interface, loading is quick and easy",4,2023-06-19 19:38:06
"Boring shows, they cancelled my favorite series",1,2023-06-19 20:37:13
Good value for the money,5,2023-06-19 20:51:06
"The app is smooth and fast, no crashes at all",4,2023-06-20 03:46:33
"Too expensive, the price keeps going up",3,2023-06-20 04:11:57
"The app is smooth and fast, no crashes at all",4,2023-06-20 15:26:38
"Boring shows, they cancelled my favorite series",1,2023-06-20 21:00:07
"Amazing series, I love every episode",5,2023-06-21 00:13:44
"The app is smooth and fast, no crashes at all",5,2023-06-21 09:41:57
"Great interface, loading is quick and easy",5,2023-06-21 09:46:09
Worst experience ever,1,2023-06-21 12:30:00
Good value for the money,5,2023-06-21 18:53:32
"The app is smooth and fast, no crashes at all",5,2023-06-22 00:36:47
"Very disappointed, I hate it",1,2023-06-22 01:54:37
"Amazing series, I love every episode",4,2023-06-22 02:44:06
"Bad movies lately, the new season is awful",1,2023-06-22 05:52:21
"The app is smooth and fast, no crashes at all",5,2023-06-22 12:46:59
"Terrible bug, screen is stuck on loading",1,2023-06-22 18:14:24
Payment failed again and no refund,2,2023-06-22 18:25:38
"The app is smooth and fast, no crashes at all",5,2023-06-22 22:23:46
"Best shows and movies, the new season is wonderful",5,2023-06-23 00:52:34
"Great interface, loading is quick and easy",5,2023-06-23 06:10:45
"The app is smooth and fast, no crashes at all",4,2023-06-23 21:38:49
"The app is smooth and fast, no crashes at all",5,2023-06-23 23:18:48
"Great interface, loading is quick and easy",5,2023-06-24 00:10:47
"Boring shows, they cancelled my favorite series",3,2023-06-24 01:16:07
"Boring shows, they cancelled my favorite series",3,2023-06-24 02:51:43
Good value for the money,5,2023-06-24 03:23:03
"Great interface, loading is quick and easy",5,2023-06-24 08:46:06
"Boring shows, they cancelled my favorite series",1,2023-06-24 11:47:04
"Excellent, five stars",5,2023-06-24 13:37:48
"Great interface, loading is quick and easy",5,2023-06-24 17:00:35
"Boring shows, they cancelled my favorite series",1,2023-06-24 18:06:01
"Boring shows, they cancelled my favorite series",3,2023-06-24 21:55:00
"Terrible bug, screen is stuck on loading",2,2023-06-25 04:50:23
"Bad movies lately, the new season is awful",3,2023-06-25 10:29:05
Fine for now,3,2023-06-25 13:07:50
"The app is smooth and fast, no crashes at all",4,2023-06-25 14:30:28
"Great interface, loading is quick and easy",4,2023-06-25 17:00:35
"Excellent, five stars",5,2023-06-25 21:18:20
"Great interface, loading is quick and easy",5,2023-06-26 09:16:01
"Best shows and movies, the new season is wonderful",5,2023-06-26 09:28:28
"The app is smooth and fast, no crashes at all",5,2023-06-26 14:37:54
"Amazing series, I love every episode",4,2023-06-26 15:42:32
It is okay,3,2023-06-26 16:52:54
"Terrible bug, screen is stuck on loading",1,2023-06-27 01:28:59
"Average, nothing special",3,2023-06-27 02:18:06
"Great interface, loading is quick and easy",5,2023-06-27 03:44:46
Worst experience ever,1,2023-06-27 04:35:39
Works as expected,3,2023-06-27 06:48:43
Worst experience ever,1,2023-06-27 07:30:38
"Great interface, loading is quick and easy",5,2023-06-27 08:59:38
"Amazing series, I love every episode",4,2023-06-27 11:01:47
Good value for the money,5,2023-06-27 18:32:14
"Ads and a higher subscription cost, waste of money",2,2023-06-27 20:10:34
"Very slow and buggy interface, constant error on login",2,2023-06-27 22:05:05
"Amazing series, I love every episode",4,2023-06-28 05:03:22
"Average, nothing special",3,2023-06-28 05:50:13
"Excellent, five stars",5,2023-06-28 06:23:09
"Very disappointed, I hate it",3,2023-06-28 17:44:56
It is okay,3,2023-06-28 18:48:40
"Boring shows, they cancelled my favorite series",2,2023-06-28 22:17:02
Good value for the money,4,2023-06-29 06:28:12
"Best shows and movies, the new season is wonderful",5,2023-06-29 06:38:11
"Amazing series, I love every episode",4,2023-06-29 06:46:20
"Too expensive, the price keeps going up",3,2023-06-29 07:57:59
"Average, nothing special",3,2023-06-29 10:13:00
It is okay,3,2023-06-29 12:27:54
"The app is smooth and fast, no crashes at all",4,2023-06-29 16:09:26
"Worth every penny, the subscription price is fair",5,2023-06-29 18:02:10
"Great interface, loading is quick and easy",5,2023-06-29 18:16:11
Good value for the money,4,2023-06-29 21:18:40
"Best shows and movies, the new season is wonderful",5,2023-06-30 00:39:06
"Bad movies lately, the new season is awful",1,2023-06-30 02:00:51
"Very slow and buggy interface, constant error on login",3,2023-06-30 03:52:31
"Boring shows, they cancelled my favorite series",1,2023-06-30 12:22:53
"Amazing series, I love every episode",5,2023-06-30 14:12:11
"Best shows and movies, the new season is wonderful",4,2023-06-30 20:17:40
It is okay,3,2023-06-30 21:42:52
"Excellent, five stars",4,2023-07-01 03:23:26
"Love it, highly recommend",5,2023-07-01 05:25:10
"Great interface, loading is quick and easy",4,2023-07-01 06:55:05
"Average, nothing special",3,2023-07-01 09:20:10
"Love it, highly recommend",4,2023-07-01 15:56:15
Payment failed again and no refund,1,2023-07-01 21:21:11
"Worth every penny, the subscription price is fair",5,2023-07-01 21:32:39
"Amazing series, I love every episode",5,2023-07-02 03:42:52
"The app is smooth and fast, no crashes at all",5,2023-07-02 05:54:33
Payment failed again and no refund,2,2023-07-02 06:39:17
"Best shows and movies, the new season is wonderful",5,2023-07-02 14:52:25
Worst experience ever,2,2023-07-02 18:54:04
Payment failed again and no refund,2,2023-07-02 23:15:48
"Very slow and buggy interface, constant error on login",3,2023-07-02 23:28:39
"The app is smooth and fast, no crashes at all",5,2023-07-03 03:00:31
"Best shows and movies, the new season is wonderful",5,2023-07-03 05:47:45
Fine for now,3,2023-07-03 11:49:10
"Bad movies lately, the new season is awful",1,2023-07-03 12:04:48
"Love it, highly recommend",5,2023-07-03 13:08:35
"Best shows and movies, the new season is wonderful",5,2023-07-03 15:17:00
"Excellent, five stars",5,2023-07-03 17:19:51
Fine for now,3,2023-07-03 19:37:03
"Worth every penny, the subscription price is fair",5,2023-07-03 22:38:42
"Excellent, five stars",5,2023-07-03 23:59:46
"Too expensive, the price keeps going up",1,2023-07-04 00:26:07
"Boring shows, they cancelled my favorite series",1,2023-07-04 01:50:52
"The app is smooth and fast, no crashes at all",5,2023-07-04 02:07:59
"Great interface, loading is quick and easy",5,2023-07-04 04:37:55
"Amazing series, I love every episode",4,2023-07-04 09:41:23
"Boring shows, they cancelled my favorite series",2,2023-07-04 10:45:50
Works as expected,3,2023-07-04 11:24:39
"Amazing series, I love every episode",5,2023-07-04 18:10:31
Worst experience ever,1,2023-07-04 21:06:03
"Amazing series, I love every episode",5,2023-07-04 21:50:32
"The app is smooth and fast, no crashes at all",4,2023-07-05 00:37:10
"Too expensive, the price keeps going up",2,2023-07-05 09:27:01
"Too expensive, the price keeps going up",1,2023-07-05 17:32:06
"Best shows and movies, the new season is wonderful",4,2023-07-05 18:43:23
The app keeps freezing and crashing after the update,1,2023-07-05 23:07:37
"Very slow and buggy interface, constant error on login",2,2023-07-06 06:14:54
"Love it, highly recommend",4,2023-07-06 08:39:42
"Ads and a higher subscription cost, waste of money",3,2023-07-06 12:31:06
"The app is smooth and fast, no crashes at all",5,2023-07-06 14:59:53
"Bad movies lately, the new season is awful",2,2023-07-06 17:31:23
"Amazing series, I love every episode",5,2023-07-06 18:18:20
"Boring shows, they cancelled my favorite series",1,2023-07-06 18:51:48
"Amazing series, I love every episode",5,2023-07-06 20:35:27
"Excellent, five stars",5,2023-07-06 21:13:21
"Great interface, loading is quick and easy",5,2023-07-06 21:25:13
"Very slow and buggy interface, constant error on login",1,2023-07-07 04:07:08
"Boring shows, they cancelled my favorite series",1,2023-07-07 05:45:00
"Very disappointed, I hate it",3,2023-07-07 08:16:44
"Amazing series, I love every episode",5,2023-07-07 11:44:44
"The app is smooth and fast, no crashes at all",5,2023-07-07 13:06:18
"Best shows and movies, the new season is wonderful",4,2023-07-07 13:31:45
Payment failed again and no refund,2,2023-07-07 15:27:16
"Amazing series, I love every episode",4,2023-07-07 16:36:17
"The app is smooth and fast, no crashes at all",5,2023-07-07 17:38:21
"Best shows and movies, the new season is wonderful",5,2023-07-07 17:44:58
"Great interface, loading is quick and easy",5,2023-07-07 20:41:49
Fine for now,3,2023-07-07 20:55:18
"Ads and a higher subscription cost, waste of money",2,2023-07-07 21:42:54
"Bad movies lately, the new season is awful",2,2023-07-07 22:49:20
"Best shows and movies, the new season is wonderful",5,2023-07-07 22:56:50
"Bad movies lately, the new season is awful",1,2023-07-08 02:57:26
"Ads and a higher subscription cost, waste of money",2,2023-07-08 07:14:41
"Terrible bug, screen is stuck on loading",1,2023-07-08 09:51:46
Works as expected,3,2023-07-08 10:56:58
"Terrible bug, screen is stuck on loading",1,2023-07-08 12:22:07
"Great interface, loading is quick and easy",4,2023-07-08 13:43:37
"Boring shows, they cancelled my favorite series",1,2023-07-08 15:22:32
"Best shows and movies, the new season is wonderful",5,2023-07-08 16:19:52
Works as expected,3,2023-07-09 00:14:55
It is okay,3,2023-07-09 07:29:06
"Best shows and movies, the new season is wonderful",4,2023-07-09 07:33:14
The app keeps freezing and crashing after the update,1,2023-07-09 14:15:37
Good value for the money,5,2023-07-09 19:31:49
Worst experience ever,2,2023-07-10 00:17:55
"Excellent, five stars",4,2023-07-10 00:20:14
"Great interface, loading is quick and easy",5,2023-07-10 01:23:07
"Great interface, loading is quick and easy",5,2023-07-10 06:05:52
"The app is smooth and fast, no crashes at all",5,2023-07-10 08:29:09
"Best shows and movies, the new season is wonderful",4,2023-07-10 12:31:24
"Amazing series, I love every episode",5,2023-07-10 15:10:07
The app keeps freezing and crashing after the update,1,2023-07-10 19:19:48
"Too expensive, the price keeps going up",3,2023-07-11 00:12:46
Fine for now,3,2023-07-11 00:53:52
Works as expected,3,2023-07-11 01:15:41
"Worth every penny, the subscription price is fair",5,2023-07-11 05:46:01
The app keeps freezing and crashing after the update,2,2023-07-11 15:35:22
"Too expensive, the price keeps going up",2,2023-07-11 17:49:17
The app keeps freezing and crashing after the update,2,2023-07-11 18:41:12
"Very disappointed, I hate it",2,2023-07-11 20:15:14
"Bad movies lately, the new season is awful",2,2023-07-11 21:47:50
Works as expected,3,2023-07-12 02:15:09
"Great interface, loading is quick and easy",4,2023-07-12 08:29:22
"Amazing series, I love every episode",5,2023-07-12 10:44:28
"Terrible bug, screen is stuck on loading",2,2023-07-12 16:00:19
"The app is smooth and fast, no crashes at all",4,2023-07-12 21:55:24
Payment failed again and no refund,2,2023-07-13 03:19:53
"Amazing series, I love every episode",4,2023-07-13 06:48:36
"Amazing series, I love every episode",5,2023-07-13 07:47:28
"The app is smooth and fast, no crashes at all",4,2023-07-13 10:27:01
"Best shows and movies, the new season is wonderful",4,2023-07-13 11:00:23
"Best shows and movies, the new season is wonderful",5,2023-07-13 12:03:23
"Amazing series, I love every episode",4,2023-07-13 23:57:58
"Best shows and movies, the new season is wonderful",5,2023-07-14 04:23:54
"Best shows and movies, the new season is wonderful",5,2023-07-14 04:35:55
"Very slow and buggy interface, constant error on login",3,2023-07-14 05:54:46
It is okay,3,2023-07-14 08:15:20
"Bad movies lately, the new season is awful",1,2023-07-14 09:10:21
Payment failed again and no refund,1,2023-07-14 09:39:47
"Love it, highly recommend",4,2023-07-14 10:27:40
"Very slow and buggy interface, constant error on login",3,2023-07-14 10:48:12
"Best shows and movies, the new season is wonderful",5,2023-07-14 11:06:32
"Love it, highly recommend",4,2023-07-14 14:39:10
"Very slow and buggy interface, constant error on login",2,2023-07-14 14:55:04
"Bad movies lately, the new season is awful",1,2023-07-14 16:50:45
"Great interface, loading is quick and easy",5,2023-07-15 04:28:36
"Worth every penny, the subscription price is fair",5,2023-07-15 06:09:44
"The app is smooth and fast, no crashes at all",5,2023-07-15 12:05:06
"Best shows and movies, the new season is wonderful",4,2023-07-15 13:48:36
"The app is smooth and fast, no crashes at all",5,2023-07-15 15:21:36
"Best shows and movies, the new season is wonderful",5,2023-07-15 19:57:34
"Amazing series, I love every episode",5,2023-07-15 21:07:28
"Bad movies lately, the new season is awful",1,2023-07-15 23:03:20
"Boring shows, they cancelled my favorite series",2,2023-07-16 02:54:18
"Boring shows, they cancelled my favorite series",1,2023-07-16 06:04:55
Worst experience ever,1,2023-07-16 07:47:31
Works as expected,3,2023-07-16 08:45:36
"Best shows and movies, the new season is wonderful",5,2023-07-16 15:38:20
"Best shows and movies, the new season is wonderful",5,2023-07-16 15:55:10
"Bad movies lately, the new season is awful",3,2023-07-16 16:31:37
"Love it, highly recommend",5,2023-07-16 22:25:02
"Very slow and buggy interface, constant error on login",1,2023-07-17 06:31:53
"Boring shows, they cancelled my favorite series",1,2023-07-17 15:29:56
"Too expensive, the price keeps going up",1,2023-07-17 19:35:13
"Boring shows, they cancelled my favorite series",2,2023-07-17 21:30:33
"Best shows and movies, the new season is wonderful",5,2023-07-17 23:58:29
Good value for the money,4,2023-07-18 00:27:48
"Bad movies lately, the new season is awful",1,2023-07-18 00:44:48
"Worth every penny, the subscription price is fair",4,2023-07-18 03:20:57
"Terrible bug, screen is stuck on loading",2,2023-07-18 06:25:11
Good value for the money,4,2023-07-18 12:23:08
Payment failed again and no refund,3,2023-07-18 19:14:45
"Great interface, loading is quick and easy",5,2023-07-18 19:33:40
"Worth every penny, the subscription price is fair",5,2023-07-18 19:55:03
"Amazing series, I love every episode",4,2023-07-18 21:24:51
"Best shows and movies, the new season is wonderful",4,2023-07-19 01:04:50
"Worth every penny, the subscription price is fair",5,2023-07-19 02:31:34
"Boring shows, they cancelled my favorite series",2,2023-07-19 08:51:00
Fine for now,3,2023-07-19 08:52:59
"Best shows and movies, the new season is wonderful",4,2023-07-19 09:09:57
The app keeps freezing and crashing after the update,2,2023-07-19 09:14:20
"The app is smooth and fast, no crashes at all",4,2023-07-19 12:53:11
"Best shows and movies, the new season is wonderful",4,2023-07-19 13:55:51
"Amazing series, I love every episode",5,2023-07-19 14:44:31
"Worth every penny, the subscription price is fair",5,2023-07-19 15:24:02
"Bad movies lately, the new season is awful",2,2023-07-20 00:29:45
"Terrible bug, screen is stuck on loading",2,2023-07-20 00:40:27
"Boring shows, they cancelled my favorite series",1,2023-07-20 01:04:01
"Bad movies lately, the new season is awful",2,2023-07-20 02:13:51
"Best shows and movies, the new season is wonderful",4,2023-07-20 08:19:20
"Great interface, loading is quick and easy",4,2023-07-20 10:57:32
"Love it, highly recommend",4,2023-07-20 12:26:07
"Great interface, loading is quick and easy",4,2023-07-20 16:38:25
Works as expected,3,2023-07-20 18:10:44
"Great interface, loading is quick and easy",4,2023-07-20 23:14:23
It is okay,3,2023-07-21 19:04:57
"Worth every penny, the subscription price is fair",5,2023-07-21 21:31:00
It is okay,3,2023-07-22 07:49:13
Worst experience ever,2,2023-07-22 14:40:52
The app keeps freezing and crashing after the update,1,2023-07-22 17:43:10
"Worth every penny, the subscription price is fair",5,2023-07-22 22:25:39
"Great interface, loading is quick and easy",5,2023-07-23 05:18:25
"The app is smooth and fast, no crashes at all",5,2023-07-23 11:31:26
"Love it, highly recommend",4,2023-07-23 12:07:46
"Terrible bug, screen is stuck on loading",1,2023-07-23 12:22:20
The app keeps freezing and crashing after the update,2,2023-07-23 13:01:47
"Boring shows, they cancelled my favorite series",1,2023-07-23 15:48:47
Worst experience ever,1,2023-07-23 20:47:14
"Boring shows, they cancelled my favorite series",1,2023-07-24 00:38:04
"Love it, highly recommend",5,2023-07-24 01:58:50
"Amazing series, I love every episode",5,2023-07-24 02:12:18
"Best shows and movies, the new season is wonderful",5,2023-07-24 03:53:23
"Ads and a higher subscription cost, waste of money",1,2023-07-24 05:40:43
"Best shows and movies, the new season is wonderful",5,2023-07-24 06:56:19
"Great interface, loading is quick and easy",4,2023-07-24 07:19:30
"Best shows and movies, the new season is wonderful",5,2023-07-24 07:48:14
"Average, nothing special",3,2023-07-24 10:28:30
"Great interface, loading is quick and easy",5,2023-07-24 11:03:20
It is okay,3,2023-07-24 12:16:26
"Amazing series, I love every episode",5,2023-07-24 16:48:25
"Ads and a higher subscription cost, waste of money",3,2023-07-24 17:42:19
"Very disappointed, I hate it",2,2023-07-24 18:03:05
Payment failed again and no refund,2,2023-07-24 19:56:10
"Bad movies lately, the new season is awful",1,2023-07-25 05:14:17
"Worth every penny, the subscription price is fair",4,2023-07-25 07:38:21
"Average, nothing special",3,2023-07-25 15:57:02
Payment failed again and no refund,1,2023-07-25 21:26:10
Payment failed again and no refund,1,2023-07-26 09:21:16
"Boring shows, they cancelled my favorite series",2,2023-07-26 10:55:58
The app keeps freezing and crashing after the update,2,2023-07-26 11:17:22
"Worth every penny, the subscription price is fair",4,2023-07-26 11:52:14
"Boring shows, they cancelled my favorite series",1,2023-07-26 15:13:35
Payment failed again and no refund,3,2023-07-27 02:22:00
"Boring shows, they cancelled my favorite series",2,2023-07-27 05:17:05
"Great interface, loading is quick and easy",5,2023-07-27 07:48:30
"Very slow and buggy interface, constant error on login",1,2023-07-27 10:11:38
"The app is smooth and fast, no crashes at all",4,2023-07-27 21:39:05
Works as expected,3,2023-07-28 03:39:15
Good value for the money,5,2023-07-28 04:26:51
Worst experience ever,3,2023-07-28 04:49:19
"Boring shows, they cancelled my favorite series",3,2023-07-28 09:55:55
"Worth every penny, the subscription price is fair",5,2023-07-28 10:10:12
"Great interface, loading is quick and easy",5,2023-07-28 10:39:35
Good value for the money,5,2023-07-28 11:41:23
"Amazing series, I love every episode",5,2023-07-28 12:40:40
"Worth every penny, the subscription price is fair",4,2023-07-28 13:53:22
"Great interface, loading is quick and easy",5,2023-07-28 17:59:31
"The app is smooth and fast, no crashes at all",4,2023-07-29 04:03:25
"Bad movies lately, the new season is awful",2,2023-07-29 04:45:54
"Too expensive, the price keeps going up",2,2023-07-29 10:32:18
"Worth every penny, the subscription price is fair",5,2023-07-30 00:21:36
"Excellent, five stars",4,2023-07-30 00:27:09
"Best shows and movies, the new season is wonderful",5,2023-07-30 02:37:32
"The app is smooth and fast, no crashes at all",5,2023-07-30 03:42:16
"Amazing series, I love every episode",5,2023-07-30 08:05:56
"Very disappointed, I hate it",1,2023-07-30 08:45:08
"Bad movies lately, the new season is awful",2,2023-07-30 12:32:03
Good value for the money,4,2023-07-30 14:42:33
Good value for the money,4,2023-07-30 16:08:55
"Best shows and movies, the new season is wonderful",4,2023-07-30 23:34:26
"Great interface, loading is quick and easy",4,2023-07-31 03:53:03
"Amazing series, I love every episode",4,2023-07-31 08:38:37
It is okay,3,2023-07-31 20:57:36
"Bad movies lately, the new season is awful",1,2023-07-31 22:01:33
"Amazing series, I love every episode",4,2023-08-01 00:27:51
"Very slow and buggy interface, constant error on login",2,2023-08-01 01:20:13
"Terrible bug, screen is stuck on loading",1,2023-08-01 10:34:59
"Best shows and movies, the new season is wonderful",5,2023-08-01 13:43:11
"Great interface, loading is quick and easy",5,2023-08-01 16:59:12
"Amazing series, I love every episode",5,2023-08-02 01:38:18
"Best shows and movies, the new season is wonderful",5,2023-08-02 03:28:07
Good value for the money,5,2023-08-02 05:46:29
"Terrible bug, screen is stuck on loading",1,2023-08-02 07:54:33
"Best shows and movies, the new season is wonderful",5,2023-08-02 10:58:33
"Best shows and movies, the new season is wonderful",5,2023-08-02 15:12:11
"Very slow and buggy interface, constant error on login",1,2023-08-03 02:49:48
Good value for the money,5,2023-08-03 06:24:57
"Great interface, loading is quick and easy",5,2023-08-03 08:29:22
"Great interface, loading is quick and easy",5,2023-08-03 11:32:14
Payment failed again and no refund,1,2023-08-03 14:53:47
"Best shows and movies, the new season is wonderful",5,2023-08-03 15:06:18
Worst experience ever,1,2023-08-03 19:46:59
"Too expensive, the price keeps going up",2,2023-08-03 22:47:38
"Best shows and movies, the new season is wonderful",5,2023-08-03 23:44:20
It is okay,3,2023-08-04 04:11:52
"Terrible bug, screen is stuck on loading",3,2023-08-04 07:00:49
"The app is smooth and fast, no crashes at all",4,2023-08-04 08:33:35
"Very slow and buggy interface, constant error on login",1,2023-08-04 16:41:02
"Average, nothing special",3,2023-08-04 23:04:00
"Great interface, loading is quick and easy",5,2023-08-05 03:52:16
"Amazing series, I love every episode",5,2023-08-05 04:59:10
"Amazing series, I love every episode",4,2023-08-05 15:20:41
"Love it, highly recommend",5,2023-08-05 17:26:13
"Great interface, loading is quick and easy",5,2023-08-05 17:35:11
"Ads and a higher subscription cost, waste of money",2,2023-08-05 19:55:37
Works as expected,3,2023-08-05 20:13:20
"Bad movies lately, the new season is awful",3,2023-08-06 02:43:27
"Amazing series, I love every episode",5,2023-08-06 02:47:50
"Best shows and movies, the new season is wonderful",4,2023-08-06 03:28:08
"Ads and a higher subscription cost, waste of money",3,2023-08-06 10:03:31
"Boring shows, they cancelled my favorite series",2,2023-08-06 11:20:27
"Great interface, loading is quick and easy",4,2023-08-06 16:04:07
"Average, nothing special",3,2023-08-06 16:33:02
Good value for the money,4,2023-08-07 02:06:34
It is okay,3,2023-08-07 12:26:31
"Amazing series, I love every episode",5,2023-08-07 13:37:27
Works as expected,3,2023-08-07 21:40:11
"Best shows and movies, the new season is wonderful",5,2023-08-07 23:13:34
"Worth every penny, the subscription price is fair",4,2023-08-08 03:14:28
It is okay,3,2023-08-08 05:19:11
"Ads and a higher subscription cost, waste of money",1,2023-08-08 10:10:09
"Great interface, loading is quick and easy",5,2023-08-08 12:16:52
"Love it, highly recommend",4,2023-08-08 14:46:31
"Boring shows, they cancelled my favorite series",1,2023-08-08 15:36:08
Good value for the money,5,2023-08-08 16:28:17
"Best shows and movies, the new season is wonderful",4,2023-08-08 17:13:13
"Bad movies lately, the new season is awful",2,2023-08-09 08:28:02
"Best shows and movies, the new season is wonderful",4,2023-08-09 10:29:22
Works as expected,3,2023-08-09 13:28:23
Fine for now,3,2023-08-09 16:06:39
Works as expected,3,2023-08-09 20:03:19
"Bad movies lately, the new season is awful",1,2023-08-10 10:38:29
Fine for now,3,2023-08-10 13:35:53
The app keeps freezing and crashing after the update,3,2023-08-10 17:35:43
"Love it, highly recommend",4,2023-08-10 18:30:31
"Great interface, loading is quick and easy",4,2023-08-10 19:09:31
"Bad movies lately, the new season is awful",1,2023-08-10 20:01:09
"Best shows and movies, the new season is wonderful",5,2023-08-10 20:11:59
"The app is smooth and fast, no crashes at all",5,2023-08-10 21:11:08
Good value for the money,5,2023-08-11 00:33:29
"Worth every penny, the subscription price is fair",5,2023-08-11 07:19:10
"Great interface, loading is quick and easy",5,2023-08-11 12:34:18
"Best shows and movies, the new season is wonderful",4,2023-08-11 17:46:39
"Love it, highly recommend",4,2023-08-11 22:00:57
"Worth every penny, the subscription price is fair",5,2023-08-12 09:16:01
Worst experience ever,3,2023-08-12 13:37:22
"Bad movies lately, the new season is awful",3,2023-08-12 19:07:02
Good value for the money,4,2023-08-12 19:31:18
"Great interface, loading is quick and easy",4,2023-08-12 19:42:17
"Boring shows, they cancelled my favorite series",1,2023-08-13 00:37:28
"Great interface, loading is quick and easy",4,2023-08-13 02:23:50
"The app is smooth and fast, no crashes at all",4,2023-08-13 05:50:13
"Bad movies lately, the new season is awful",2,2023-08-13 08:31:13
"Bad movies lately, the new season is awful",2,2023-08-13 13:04:37
Works as expected,3,2023-08-13 14:24:51
"Ads and a higher subscription cost, waste of money",1,2023-08-13 18:03:59
"Excellent, five stars",5,2023-08-13 18:19:39
"Amazing series, I love every episode",5,2023-08-13 18:35:52
Worst experience ever,1,2023-08-13 19:44:28
Payment failed again and no refund,2,2023-08-14 01:49:01
"Amazing series, I love every episode",5,2023-08-14 04:56:33
"The app is smooth and fast, no crashes at all",5,2023-08-14 05:16:37
Good value for the money,5,2023-08-14 08:52:56
Payment failed again and no refund,2,2023-08-14 09:55:03
"Terrible bug, screen is stuck on loading",2,2023-08-14 11:48:18
"Ads and a higher subscription cost, waste of money",1,2023-08-14 14:09:28
The app keeps freezing and crashing after the update,1,2023-08-14 15:13:57
"Boring shows, they cancelled my favorite series",3,2023-08-14 16:06:19
"Love it, highly recommend",5,2023-08-14 19:46:22
"Love it, highly recommend",5,2023-08-14 20:07:30
"Average, nothing special",3,2023-08-14 23:05:05
"Boring shows, they cancelled my favorite series",2,2023-08-15 02:54:40
"Bad movies lately, the new season is awful",2,2023-08-15 05:32:56
Works as expected,3,2023-08-15 12:33:35
"Very slow and buggy interface, constant error on login",3,2023-08-15 13:30:25
"Amazing series, I love every episode",5,2023-08-15 17:45:45
"Amazing series, I love every episode",4,2023-08-16 03:02:36
"Terrible bug, screen is stuck on loading",2,2023-08-16 05:16:06
"Amazing series, I love every episode",4,2023-08-16 06:26:49
"Great interface, loading is quick and easy",5,2023-08-16 08:17:11
"Very slow and buggy interface, constant error on login",2,2023-08-16 20:09:29
Works as expected,3,2023-08-16 22:21:28
"Terrible bug, screen is stuck on loading",2,2023-08-17 02:31:39
Payment failed again and no refund,1,2023-08-17 08:21:17
Works as expected,3,2023-08-17 08:42:08
"Amazing series, I love every episode",5,2023-08-17 10:50:41
"Boring shows, they cancelled my favorite series",1,2023-08-17 19:27:21
Works as expected,3,2023-08-18 12:51:49
"Very slow and buggy interface, constant error on login",1,2023-08-18 13:44:34
"Great interface, loading is quick and easy",5,2023-08-18 14:16:30
"Bad movies lately, the new season is awful",1,2023-08-18 15:05:39
"Amazing series, I love every episode",4,2023-08-18 16:01:58
"Boring shows, they cancelled my favorite series",3,2023-08-18 18:22:23
"The app is smooth and fast, no crashes at all",5,2023-08-18 20:46:27
"Worth every penny, the subscription price is fair",5,2023-08-18 22:31:48
"Great interface, loading is quick and easy",5,2023-08-18 23:24:05
"Bad movies lately, the new season is awful",3,2023-08-19 00:43:48
"Amazing series, I love every episode",4,2023-08-19 02:10:16
"Ads and a higher subscription cost, waste of money",3,2023-08-19 04:21:15
"Too expensive, the price keeps going up",1,2023-08-19 05:00:45
"Average, nothing special",3,2023-08-19 08:17:32
"Bad movies lately, the new season is awful",1,2023-08-19 08:47:12
"Worth every penny, the subscription price is fair",4,2023-08-19 10:27:59
The app keeps freezing and crashing after the update,3,2023-08-19 10:28:46
"The app is smooth and fast, no crashes at all",4,2023-08-19 13:54:56
Good value for the money,5,2023-08-19 18:18:08
"Average, nothing special",3,2023-08-20 11:56:51
It is okay,3,2023-08-20 12:30:32
"Bad movies lately, the new season is awful",2,2023-08-20 17:11:58
"Very disappointed, I hate it",1,2023-08-20 18:29:03
"Boring shows, they cancelled my favorite series",1,2023-08-20 20:40:50
"Boring shows, they cancelled my favorite series",1,2023-08-21 04:10:00
"Amazing series, I love every episode",4,2023-08-21 10:56:29
"Worth every penny, the subscription price is fair",4,2023-08-21 12:51:24
Good value for the money,5,2023-08-21 22:02:26
"The app is smooth and fast, no crashes at all",5,2023-08-21 22:11:17
"The app is smooth and fast, no crashes at all",4,2023-08-21 23:24:26
"Boring shows, they cancelled my favorite series",1,2023-08-22 01:40:26
Good value for the money,5,2023-08-22 03:27:43
"Great interface, loading is quick and easy",5,2023-08-22 03:34:40
It is okay,3,2023-08-22 14:30:31
Good value for the money,4,2023-08-22 16:57:46
"Great interface, loading is quick and easy",4,2023-08-22 18:46:50
"Terrible bug, screen is stuck on loading",1,2023-08-22 21:16:16
"Ads and a higher subscription cost, waste of money",1,2023-08-23 01:18:07
"Too expensive, the price keeps going up",1,2023-08-23 03:21:34
"Love it, highly recommend",5,2023-08-23 06:08:39
Good value for the money,5,2023-08-23 11:23:11
"Boring shows, they cancelled my favorite series",1,2023-08-24 02:27:14
"Average, nothing special",3,2023-08-24 03:25:32
"Amazing series, I love every episode",5,2023-08-24 05:46:47
"Worth every penny, the subscription price is fair",4,2023-08-24 07:48:29
"Average, nothing special",3,2023-08-24 15:30:50
The app keeps freezing and crashing after the update,2,2023-08-24 15:51:08
"Terrible bug, screen is stuck on loading",2,2023-08-24 16:20:57
"Worth every penny, the subscription price is fair",4,2023-08-24 17:43:09
Good value for the money,5,2023-08-24 21:02:23
"Great interface, loading is quick and easy",4,2023-08-24 21:32:19
"Boring shows, they cancelled my favorite series",2,2023-08-25 02:53:37
"Great interface, loading is quick and easy",5,2023-08-25 03:17:37
"Worth every penny, the subscription price is fair",4,2023-08-25 04:32:39
"Great interface, loading is quick and easy",5,2023-08-25 12:52:20
Fine for now,3,2023-08-25 12:57:23
"Worth every penny, the subscription price is fair",5,2023-08-25 20:30:34
"Terrible bug, screen is stuck on loading",1,2023-08-25 21:53:53
Works as expected,3,2023-08-26 00:32:45
"Best shows and movies, the new season is wonderful",5,2023-08-26 03:13:08
"Love it, highly recommend",4,2023-08-26 06:20:06
"Amazing series, I love every episode",5,2023-08-26 06:27:08
"Very slow and buggy interface, constant error on login",1,2023-08-26 11:52:06
Works as expected,3,2023-08-26 17:26:24
Good value for the money,5,2023-08-26 23:55:08
"Worth every penny, the subscription price is fair",4,2023-08-27 00:46:20
"Amazing series, I love every episode",4,2023-08-27 00:52:23
The app keeps freezing and crashing after the update,1,2023-08-27 03:14:43
"Great interface, loading is quick and easy",5,2023-08-27 12:18:05
Good value for the money,4,2023-08-27 13:25:19
"Amazing series, I love every episode",5,2023-08-27 13:58:41
The app keeps freezing and crashing after the update,2,2023-08-27 15:18:02
"Average, nothing special",3,2023-08-27 15:56:05
"Very slow and buggy interface, constant error on login",3,2023-08-27 19:40:37
"Very slow and buggy interface, constant error on login",2,2023-08-27 20:43:08
The app keeps freezing and crashing after the update,2,2023-08-27 21:03:56
Fine for now,3,2023-08-27 23:08:40
"Best shows and movies, the new season is wonderful",5,2023-08-28 03:35:05
Payment failed again and no refund,3,2023-08-28 05:05:46
It is okay,3,2023-08-28 12:40:56
Good value for the money,5,2023-08-29 04:29:46
"Bad movies lately, the new season is awful",3,2023-08-29 05:53:32
"Very slow and buggy interface, constant error on login",2,2023-08-29 08:15:32
The app keeps freezing and crashing after the update,2,2023-08-29 09:29:44
"Ads and a higher subscription cost, waste of money",1,2023-08-29 18:36:22
The app keeps freezing and crashing after the update,3,2023-08-29 21:59:25
"Worth every penny, the subscription price is fair",5,2023-08-30 02:34:35
"Amazing series, I love every episode",4,2023-08-30 05:26:41
"Too expensive, the price keeps going up",1,2023-08-30 08:56:29
"The app is smooth and fast, no crashes at all",5,2023-08-30 13:10:35
"Terrible bug, screen is stuck on loading",1,2023-08-30 14:45:38
"Worth every penny, the subscription price is fair",4,2023-08-30 15:29:57
"Best shows and movies, the new season is wonderful",5,2023-08-30 23:33:54
"Great interface, loading is quick and easy",5,2023-08-31 00:17:32
"Best shows and movies, the new season is wonderful",5,2023-08-31 03:51:31
"Great interface, loading is quick and easy",4,2023-08-31 06:15:23
Fine for now,3,2023-08-31 09:18:13
"Boring shows, they cancelled my favorite series",2,2023-08-31 10:21:12
"Average, nothing special",3,2023-08-31 10:44:56
"Bad movies lately, the new season is awful",1,2023-08-31 11:24:45
Good value for the money,5,2023-08-31 11:52:42
"Bad movies lately, the new season is awful",3,2023-08-31 19:32:51
"Bad movies lately, the new season is awful",2,2023-08-31 20:05:05
"Excellent, five stars",4,2023-08-31 22:46:05
Fine for now,3,2023-09-01 01:41:16
"Worth every penny, the subscription price is fair",5,2023-09-01 10:11:17
"Great interface, loading is quick and easy",5,2023-09-01 16:05:17
"Ads and a higher subscription cost, waste of money",3,2023-09-01 16:38:34
"Best shows and movies, the new season is wonderful",5,2023-09-01 21:16:28
"Best shows and movies, the new season is wonderful",5,2023-09-02 02:24:18
"Very disappointed, I hate it",3,2023-09-02 06:49:42
"Very disappointed, I hate it",1,2023-09-02 09:45:25
"The app is smooth and fast, no crashes at all",4,2023-09-02 12:05:36
"Amazing series, I love every episode",5,2023-09-02 14:32:34
"Terrible bug, screen is stuck on loading",1,2023-09-02 16:30:24
"The app is smooth and fast, no crashes at all",4,2023-09-02 20:38:24
It is okay,3,2023-09-02 23:27:31
"Amazing series, I love every episode",5,2023-09-03 01:21:46
"The app is smooth and fast, no crashes at all",5,2023-09-03 04:49:46
"Worth every penny, the subscription price is fair",5,2023-09-03 06:36:41
"Boring shows, they cancelled my favorite series",3,2023-09-03 08:55:45
"Bad movies lately, the new season is awful",1,2023-09-03 12:11:48
"Worth every penny, the subscription price is fair",4,2023-09-03 21:44:24
"The app is smooth and fast, no crashes at all",5,2023-09-04 00:13:53
"Best shows and movies, the new season is wonderful",5,2023-09-04 00:37:40
"Best shows and movies, the new season is wonderful",4,2023-09-04 01:10:05
"Very slow and buggy interface, constant error on login",1,2023-09-04 03:50:24
"Great interface, loading is quick and easy",4,2023-09-04 04:49:54
"Best shows and movies, the new season is wonderful",5,2023-09-04 05:52:17
"Boring shows, they cancelled my favorite series",3,2023-09-04 13:07:45
Works as expected,3,2023-09-04 16:00:10
"The app is smooth and fast, no crashes at all",5,2023-09-04 16:59:22
"Great interface, loading is quick and easy",5,2023-09-04 19:15:37
"Too expensive, the price keeps going up",1,2023-09-05 10:10:30
"Amazing series, I love every episode",5,2023-09-05 12:04:17
"Boring shows, they cancelled my favorite series",3,2023-09-05 12:50:44
"Boring shows, they cancelled my favorite series",2,2023-09-05 19:49:35
"Worth every penny, the subscription price is fair",5,2023-09-05 21:22:03
"Boring shows, they cancelled my favorite series",3,2023-09-05 23:14:16
"Amazing series, I love every episode",5,2023-09-06 02:50:25
"Very slow and buggy interface, constant error on login",1,2023-09-06 04:54:17
"Bad movies lately, the new season is awful",1,2023-09-06 05:03:18
"Excellent, five stars",4,2023-09-06 12:29:53
"The app is smooth and fast, no crashes at all",4,2023-09-06 13:58:55
"Best shows and movies, the new season is wonderful",5,2023-09-06 19:54:28
"Best shows and movies, the new season is wonderful",4,2023-09-06 20:06:02
"The app is smooth and fast, no crashes at all",4,2023-09-07 01:37:16
"Excellent, five stars",5,2023-09-07 04:07:40
Worst experience ever,3,2023-09-07 13:41:40
"Boring shows, they cancelled my favorite series",2,2023-09-07 20:48:48
"Best shows and movies, the new season is wonderful",5,2023-09-08 02:39:24
Works as expected,3,2023-09-08 06:26:23
"Love it, highly recommend",5,2023-09-08 10:42:39
"Very slow and buggy interface, constant error on login",2,2023-09-08 11:04:56
"Worth every penny, the subscription price is fair",5,2023-09-08 14:52:36
"Great interface, loading is quick and easy",4,2023-09-08 17:22:46
"Amazing series, I love every episode",5,2023-09-08 18:05:47
Good value for the money,5,2023-09-08 20:59:12
"Terrible bug, screen is stuck on loading",1,2023-09-09 00:45:51
Fine for now,3,2023-09-09 01:31:17
"Best shows and movies, the new season is wonderful",4,2023-09-09 03:11:37
"Great interface, loading is quick and easy",4,2023-09-09 05:01:27
"Excellent, five stars",5,2023-09-09 11:21:02
"Amazing series, I love every episode",5,2023-09-09 12:15:13
"Boring shows, they cancelled my favorite series",1,2023-09-09 19:55:12
"Great interface, loading is quick and easy",4,2023-09-10 01:44:25
"Amazing series, I love every episode",5,2023-09-10 03:53:41
"Bad movies lately, the new season is awful",2,2023-09-10 08:05:23
"Best shows and movies, the new season is wonderful",4,2023-09-10 10:21:01
"Best shows and movies, the new season is wonderful",5,2023-09-10 13:05:18
"Best shows and movies, the new season is wonderful",5,2023-09-10 16:50:46
"Terrible bug, screen is stuck on loading",2,2023-09-10 20:58:19
"Great interface, loading is quick and easy",5,2023-09-11 02:01:34
Good value for the money,5,2023-09-11 02:46:41
Fine for now,3,2023-09-11 03:45:08
The app keeps freezing and crashing after the update,1,2023-09-11 04:35:44
Works as expected,3,2023-09-11 04:46:46
The app keeps freezing and crashing after the update,1,2023-09-11 11:06:05
Good value for the money,5,2023-09-11 12:41:28
"Best shows and movies, the new season is wonderful",5,2023-09-11 16:11:13
"Bad movies lately, the new season is awful",1,2023-09-11 18:58:26
"Great interface, loading is quick and easy",5,2023-09-11 20:14:33
"Boring shows, they cancelled my favorite series",1,2023-09-11 20:57:37
"Average, nothing special",3,2023-09-12 02:46:05
Worst experience ever,3,2023-09-12 03:43:57
"Best shows and movies, the new season is wonderful",5,2023-09-12 03:50:29
"Boring shows, they cancelled my favorite series",1,2023-09-12 03:52:18
Good value for the money,5,2023-09-12 16:01:17
"Great interface, loading is quick and easy",4,2023-09-12 18:13:13
Worst experience ever,1,2023-09-12 23:36:59
Works as expected,3,2023-09-13 00:46:53
"Love it, highly recommend",5,2023-09-13 03:32:03
"Great interface, loading is quick and easy",5,2023-09-13 08:01:53
The app keeps freezing and crashing after the update,2,2023-09-13 17:49:14
Worst experience ever,2,2023-09-13 19:20:16
Fine for now,3,2023-09-13 22:35:51
"Boring shows, they cancelled my favorite series",1,2023-09-14 00:32:27
Good value for the money,4,2023-09-14 01:31:48
"Great interface, loading is quick and easy",5,2023-09-14 03:06:59
"Ads and a higher subscription cost, waste of money",2,2023-09-14 03:52:59
It is okay,3,2023-09-14 05:09:42
"Best shows and movies, the new season is wonderful",4,2023-09-14 05:56:49
"Average, nothing special",3,2023-09-14 13:16:15
"The app is smooth and fast, no crashes at all",5,2023-09-14 13:37:43
"Great interface, loading is quick and easy",5,2023-09-14 16:49:34
"Very slow and buggy interface, constant error on login",3,2023-09-14 21:22:35
"Ads and a higher subscription cost, waste of money",1,2023-09-15 05:58:47
"Love it, highly recommend",4,2023-09-15 06:04:37
"Love it, highly recommend",5,2023-09-15 07:17:13
"Great interface, loading is quick and easy",5,2023-09-15 08:18:01
Good value for the money,5,2023-09-15 12:33:44
"Great interface, loading is quick and easy",5,2023-09-15 14:20:51
"Love it, highly recommend",5,2023-09-15 15:25:18
"Boring shows, they cancelled my favorite series",2,2023-09-15 21:54:09
"Average, nothing special",3,2023-09-16 04:03:38
The app keeps freezing and crashing after the update,1,2023-09-16 06:35:13
Payment failed again and no refund,1,2023-09-16 10:57:47
"Best shows and movies, the new season is wonderful",5,2023-09-16 11:12:47
"Very slow and buggy interface, constant error on login",3,2023-09-16 14:27:35
"Best shows and movies, the new season is wonderful",5,2023-09-16 14:36:19
"Excellent, five stars",5,2023-09-16 16:19:43
"Very slow and buggy interface, constant error on login",1,2023-09-16 17:49:34
"Boring shows, they cancelled my favorite series",2,2023-09-16 22:46:35
The app keeps freezing and crashing after the update,1,2023-09-16 23:15:37
"Ads and a higher subscription cost, waste of money",2,2023-09-17 12:09:03
"Best shows and movies, the new season is wonderful",4,2023-09-17 16:21:08
"Worth every penny, the subscription price is fair",5,2023-09-17 16:30:33
"Bad movies lately, the new season is awful",1,2023-09-17 19:28:31
"Too expensive, the price keeps going up",2,2023-09-17 21:39:30
"Bad movies lately, the new season is awful",2,2023-09-18 00:44:20
"Too expensive, the price keeps going up",1,2023-09-18 08:04:31
Fine for now,3,2023-09-18 18:32:05
"Average, nothing special",3,2023-09-18 18:36:33
Worst experience ever,1,2023-09-19 01:21:50
"Bad movies lately, the new season is awful",1,2023-09-19 02:08:41
"Amazing series, I love every episode",5,2023-09-19 03:56:10
"Ads and a higher subscription cost, waste of money",2,2023-09-19 06:46:22
"Best shows and movies, the new season is wonderful",5,2023-09-19 10:02:29
"The app is smooth and fast, no crashes at all",5,2023-09-19 16:36:17
"Best shows and movies, the new season is wonderful",5,2023-09-19 19:54:03
"Bad movies lately, the new season is awful",3,2023-09-20 09:53:21
"Amazing series, I love every episode",5,2023-09-20 15:57:18
"Love it, highly recommend",5,2023-09-20 20:53:55
"Great interface, loading is quick and easy",5,2023-09-21 01:37:43
"Worth every penny, the subscription price is fair",5,2023-09-21 03:12:26
"Worth every penny, the subscription price is fair",5,2023-09-21 05:58:03
"Amazing series, I love every episode",5,2023-09-21 08:04:42
"Amazing series, I love every episode",5,2023-09-21 10:12:05
"Boring shows, they cancelled my favorite series",1,2023-09-21 14:23:27
The app keeps freezing and crashing after the update,1,2023-09-21 23:54:28
"Love it, highly recommend",5,2023-09-22 05:42:32
Good value for the money,5,2023-09-22 06:28:12
"Excellent, five stars",5,2023-09-22 09:03:58
"Love it, highly recommend",5,2023-09-22 09:44:20
"Boring shows, they cancelled my favorite series",1,2023-09-22 09:51:41
"Very disappointed, I hate it",1,2023-09-22 12:54:39
"Best shows and movies, the new season is wonderful",5,2023-09-22 15:00:05
Fine for now,3,2023-09-22 15:45:57
"Very disappointed, I hate it",1,2023-09-22 17:54:10
"Amazing series, I love every episode",5,2023-09-22 19:41:55
Works as expected,3,2023-09-22 20:55:55
"Terrible bug, screen is stuck on loading",1,2023-09-23 01:04:07
"The app is smooth and fast, no crashes at all",4,2023-09-23 04:20:22
The app keeps freezing and crashing after the update,2,2023-09-23 04:44:30
"Ads and a higher subscription cost, waste of money",2,2023-09-23 04:59:45
"The app is smooth and fast, no crashes at all",4,2023-09-23 13:26:54
Good value for the money,4,2023-09-23 15:56:57
Payment failed again and no refund,2,2023-09-23 20:06:11
"Very slow and buggy interface, constant error on login",2,2023-09-23 21:16:50
Works as expected,3,2023-09-23 21:33:11
"Amazing series, I love every episode",5,2023-09-23 23:22:53
Worst experience ever,1,2023-09-23 23:31:10
"The app is smooth and fast, no crashes at all",5,2023-09-24 01:52:45
"Amazing series, I love every episode",4,2023-09-24 02:28:33
"Great interface, loading is quick and easy",5,2023-09-24 04:48:10
"Amazing series, I love every episode",5,2023-09-24 05:19:28
"Best shows and movies, the new season is wonderful",5,2023-09-24 05:24:41
"Worth every penny, the subscription price is fair",4,2023-09-24 12:08:15
"Boring shows, they cancelled my favorite series",1,2023-09-24 14:52:23
"Boring shows, they cancelled my favorite series",3,2023-09-25 01:12:17
"Love it, highly recommend",5,2023-09-25 01:46:40
"Great interface, loading is quick and easy",4,2023-09-25 03:56:48
"Love it, highly recommend",4,2023-09-25 04:31:08
"Excellent, five stars",4,2023-09-25 11:42:37
"Average, nothing special",3,2023-09-25 12:00:04
Good value for the money,4,2023-09-25 17:05:37
"Terrible bug, screen is stuck on loading",1,2023-09-26 07:02:09
"Bad movies lately, the new season is awful",2,2023-09-26 08:21:02
"Worth every penny, the subscription price is fair",5,2023-09-26 14:22:04
"Amazing series, I love every episode",5,2023-09-26 14:37:01
"Great interface, loading is quick and easy",5,2023-09-26 15:25:20
"The app is smooth and fast, no crashes at all",4,2023-09-26 17:30:35
Good value for the money,4,2023-09-26 23:48:16
"Great interface, loading is quick and easy",5,2023-09-27 06:41:45
"Amazing series, I love every episode",5,2023-09-27 12:41:45
"Amazing series, I love every episode",4,2023-09-27 18:27:56
"Great interface, loading is quick and easy",5,2023-09-27 23:36:34
Works as expected,3,2023-09-28 00:57:28
"Boring shows, they cancelled my favorite series",3,2023-09-28 02:43:58
"Amazing series, I love every episode",5,2023-09-28 04:10:43
"Average, nothing special",3,2023-09-28 11:49:10
"Average, nothing special",3,2023-09-28 12:42:05
"Boring shows, they cancelled my favorite series",2,2023-09-28 20:19:09
"Great interface, loading is quick and easy",5,2023-09-28 21:30:10
"The app is smooth and fast, no crashes at all",5,2023-09-29 02:18:50
"Amazing series, I love every episode",5,2023-09-29 06:01:46
"Boring shows, they cancelled my favorite series",1,2023-09-29 14:18:18
"Terrible bug, screen is stuck on loading",3,2023-09-30 00:08:05
"Best shows and movies, the new season is wonderful",4,2023-09-30 07:51:38
"Boring shows, they cancelled my favorite series",2,2023-09-30 08:52:19
It is okay,3,2023-09-30 11:50:55
Payment failed again and no refund,1,2023-09-30 13:11:42
"Very disappointed, I hate it",2,2023-09-30 13:34:29
"Excellent, five stars",5,2023-09-30 15:38:09
"Terrible bug, screen is stuck on loading",2,2023-09-30 18:38:58
"Love it, highly recommend",4,2023-10-01 00:59:05
"Bad movies lately, the new season is awful",2,2023-10-01 05:19:52
Good value for the money,4,2023-10-01 08:03:29
It is okay,3,2023-10-01 11:36:01
"Worth every penny, the subscription price is fair",4,2023-10-01 12:37:14
"Terrible bug, screen is stuck on loading",2,2023-10-01 12:46:49
"Love it, highly recommend",4,2023-10-01 14:59:08
"Great interface, loading is quick and easy",4,2023-10-01 17:08:14
"Amazing series, I love every episode",5,2023-10-01 21:56:04
"Great interface, loading is quick and easy",5,2023-10-02 06:12:27
"Love it, highly recommend",5,2023-10-02 11:48:08
"Worth every penny, the subscription price is fair",4,2023-10-03 10:32:37
Good value for the money,4,2023-10-03 11:38:42
"Bad movies lately, the new season is awful",1,2023-10-03 14:21:51
"Worth every penny, the subscription price is fair",4,2023-10-03 15:49:33
Payment failed again and no refund,1,2023-10-03 15:57:31
"Boring shows, they cancelled my favorite series",3,2023-10-03 16:29:48
"The app is smooth and fast, no crashes at all",5,2023-10-03 17:36:53
"Amazing series, I love every episode",4,2023-10-03 20:11:46
"Great interface, loading is quick and easy",5,2023-10-03 23:42:02
"Very slow and buggy interface, constant error on login",2,2023-10-04 01:01:16
"Boring shows, they cancelled my favorite series",2,2023-10-04 08:02:43
"Boring shows, they cancelled my favorite series",1,2023-10-04 08:10:29
The app keeps freezing and crashing after the update,1,2023-10-04 09:58:21
The app keeps freezing and crashing after the update,1,2023-10-04 12:52:57
"Very slow and buggy interface, constant error on login",3,2023-10-04 14:14:29
"Best shows and movies, the new season is wonderful",5,2023-10-04 18:22:30
"Excellent, five stars",5,2023-10-04 19:39:45
"Terrible bug, screen is stuck on loading",2,2023-10-04 20:16:45
"Excellent, five stars",5,2023-10-05 02:46:49
"The app is smooth and fast, no crashes at all",5,2023-10-05 23:17:46
"Love it, highly recommend",5,2023-10-06 07:42:49
"Very slow and buggy interface, constant error on login",1,2023-10-06 08:14:44
"Great interface, loading is quick and easy",5,2023-10-06 08:55:59
"Great interface, loading is quick and easy",5,2023-10-06 12:27:44
Good value for the money,4,2023-10-06 13:41:00
"Bad movies lately, the new season is awful",2,2023-10-06 13:46:38
Payment failed again and no refund,3,2023-10-06 20:18:32
"Boring shows, they cancelled my favorite series",3,2023-10-06 21:45:26
"Best shows and movies, the new season is wonderful",5,2023-10-06 23:37:25
"Very disappointed, I hate it",1,2023-10-06 23:40:20
Works as expected,3,2023-10-07 01:57:14
Good value for the money,5,2023-10-07 05:58:30
"Ads and a higher subscription cost, waste of money",2,2023-10-07 07:03:39
"Terrible bug, screen is stuck on loading",1,2023-10-07 10:00:14
"Bad movies lately, the new season is awful",2,2023-10-07 12:19:56
Fine for now,3,2023-10-07 16:00:37
"Best shows and movies, the new season is wonderful",5,2023-10-07 17:19:27
"Excellent, five stars",5,2023-10-07 19:31:35
"Too expensive, the price keeps going up",2,2023-10-07 23:29:47
"Ads and a higher subscription cost, waste of money",2,2023-10-08 05:46:28
"Love it, highly recommend",5,2023-10-08 07:54:36
"Very slow and buggy interface, constant error on login",2,2023-10-08 12:17:21
Works as expected,3,2023-10-08 13:47:08
"Terrible bug, screen is stuck on loading",1,2023-10-08 23:13:26
"Bad movies lately, the new season is awful",1,2023-10-09 03:53:46
Payment failed again and no refund,1,2023-10-09 07:31:43
Good value for the money,5,2023-10-09 08:05:10
It is okay,3,2023-10-09 08:35:07
It is okay,3,2023-10-09 09:13:07
"The app is smooth and fast, no crashes at all",5,2023-10-09 15:33:14
"Average, nothing special",3,2023-10-09 16:42:41
"Amazing series, I love every episode",4,2023-10-09 23:12:40
"Terrible bug, screen is stuck on loading",2,2023-10-10 04:15:06
It is okay,3,2023-10-10 04:45:02
Works as expected,3,2023-10-10 05:29:30
Works as expected,3,2023-10-10 07:29:38
"Terrible bug, screen is stuck on loading",1,2023-10-10 07:43:21
"Worth every penny, the subscription price is fair",5,2023-10-10 09:09:50
"Best shows and movies, the new season is wonderful",5,2023-10-10 09:43:38
"Amazing series, I love every episode",4,2023-10-11 03:40:48
"Amazing series, I love every episode",5,2023-10-11 05:26:11
The app keeps freezing and crashing after the update,2,2023-10-11 05:52:58
"Best shows and movies, the new season is wonderful",5,2023-10-11 05:53:49
"Very slow and buggy interface, constant error on login",3,2023-10-11 07:40:27
"Boring shows, they cancelled my favorite series",1,2023-10-11 08:53:43
"Ads and a higher subscription cost, waste of money",1,2023-10-11 10:22:24
"Worth every penny, the subscription price is fair",5,2023-10-11 12:01:50
"Amazing series, I love every episode",5,2023-10-11 16:00:54
Good value for the money,5,2023-10-11 17:29:38
"Great interface, loading is quick and easy",4,2023-10-12 03:22:36
"Best shows and movies, the new season is wonderful",5,2023-10-12 09:07:18
"Amazing series, I love every episode",5,2023-10-12 10:22:08
"Best shows and movies, the new season is wonderful",5,2023-10-12 11:54:58
"Excellent, five stars",5,2023-10-12 12:23:08
"Boring shows, they cancelled my favorite series",2,2023-10-12 12:23:17
"The app is smooth and fast, no crashes at all",4,2023-10-12 15:24:38
"Great interface, loading is quick and easy",5,2023-10-12 15:50:30
"Very disappointed, I hate it",1,2023-10-12 20:51:00
Good value for the money,4,2023-10-13 04:11:58
"Amazing series, I love every episode",5,2023-10-13 05:55:58
It is okay,3,2023-10-13 09:02:14
"Great interface, loading is quick and easy",5,2023-10-13 09:32:06
"The app is smooth and fast, no crashes at all",5,2023-10-13 11:42:05
It is okay,3,2023-10-13 13:55:46
"Best shows and movies, the new season is wonderful",4,2023-10-13 23:29:19
"Amazing series, I love every episode",5,2023-10-13 23:57:03
"Worth every penny, the subscription price is fair",4,2023-10-14 09:49:42
"Best shows and movies, the new season is wonderful",4,2023-10-14 20:44:02
Good value for the money,5,2023-10-14 21:48:10
Works as expected,3,2023-10-14 22:57:54
"Amazing series, I love every episode",5,2023-10-15 00:53:19
"Worth every penny, the subscription price is fair",4,2023-10-15 07:08:21
"Amazing series, I love every episode",4,2023-10-15 12:24:31
"Bad movies lately, the new season is awful",2,2023-10-15 20:51:09
Payment failed again and no refund,1,2023-10-15 21:59:04
"Amazing series, I love every episode",4,2023-10-15 22:20:05
Fine for now,3,2023-10-15 22:48:38
"Best shows and movies, the new season is wonderful",5,2023-10-15 23:33:29
"Worth every penny, the subscription price is fair",4,2023-10-15 23:48:17
"Love it, highly recommend",5,2023-10-16 02:05:50
"The app is smooth and fast, no crashes at all",5,2023-10-16 03:15:59
"Ads and a higher subscription cost, waste of money",1,2023-10-16 14:40:50
"Best shows and movies, the new season is wonderful",5,2023-10-16 21:06:55
"Amazing series, I love every episode",5,2023-10-17 03:44:51
"Bad movies lately, the new season is awful",1,2023-10-17 06:18:33
"The app is smooth and fast, no crashes at all",5,2023-10-17 06:57:49
"Too expensive, the price keeps going up",2,2023-10-17 10:03:59
"Very disappointed, I hate it",3,2023-10-17 11:23:46
"Excellent, five stars",5,2023-10-17 12:57:20
"Average, nothing special",3,2023-10-17 17:28:26
"Too expensive, the price keeps going up",3,2023-10-17 21:55:43
"Very slow and buggy interface, constant error on login",1,2023-10-18 02:04:15
"Best shows and movies, the new season is wonderful",4,2023-10-18 08:33:04
Good value for the money,5,2023-10-18 08:47:41
"The app is smooth and fast, no crashes at all",5,2023-10-18 11:39:21
"Bad movies lately, the new season is awful",3,2023-10-18 12:19:59
"Great interface, loading is quick and easy",5,2023-10-18 12:24:17
"Amazing series, I love every episode",5,2023-10-18 13:44:24
Good value for the money,5,2023-10-18 21:21:05
"Best shows and movies, the new season is wonderful",4,2023-10-18 22:36:43
"Bad movies lately, the new season is awful",1,2023-10-18 22:45:22
Good value for the money,4,2023-10-18 23:50:30
"Boring shows, they cancelled my favorite series",1,2023-10-19 07:01:03
"Very slow and buggy interface, constant error on login",1,2023-10-19 08:03:32
"Amazing series, I love every episode",5,2023-10-19 08:42:28
The app keeps freezing and crashing after the update,1,2023-10-19 10:14:44
"Too expensive, the price keeps going up",3,2023-10-19 10:23:07
"Best shows and movies, the new season is wonderful",5,2023-10-19 16:24:27
"Too expensive, the price keeps going up",2,2023-10-19 17:27:38
"Best shows and movies, the new season is wonderful",4,2023-10-19 18:51:02
"Great interface, loading is quick and easy",5,2023-10-19 19:06:28
"The app is smooth and fast, no crashes at all",4,2023-10-19 23:48:33
"Average, nothing special",3,2023-10-20 02:16:44
"Worth every penny, the subscription price is fair",5,2023-10-20 06:43:47
Fine for now,3,2023-10-20 07:26:56
The app keeps freezing and crashing after the update,3,2023-10-20 13:13:23
"Amazing series, I love every episode",4,2023-10-20 22:26:28
"Amazing series, I love every episode",4,2023-10-21 02:12:53
"Great interface, loading is quick and easy",5,2023-10-21 04:05:33
"Terrible bug, screen is stuck on loading",2,2023-10-21 08:13:37
Payment failed again and no refund,1,2023-10-21 13:21:07
"Worth every penny, the subscription price is fair",5,2023-10-21 13:21:08
"Bad movies lately, the new season is awful",2,2023-10-21 14:03:29
"Best shows and movies, the new season is wonderful",5,2023-10-21 14:38:47
"Bad movies lately, the new season is awful",2,2023-10-21 15:42:05
"Amazing series, I love every episode",5,2023-10-21 17:59:57
The app keeps freezing and crashing after the update,2,2023-10-21 19:17:33
"Very slow and buggy interface, constant error on login",1,2023-10-21 21:59:50
"Very slow and buggy interface, constant error on login",1,2023-10-22 03:01:16
"Worth every penny, the subscription price is fair",4,2023-10-22 04:20:44
Works as expected,3,2023-10-22 05:38:00
"Very slow and buggy interface, constant error on login",2,2023-10-22 08:13:27
Good value for the money,5,2023-10-22 10:55:52
Payment failed again and no refund,1,2023-10-22 15:11:38
"Great interface, loading is quick and easy",5,2023-10-22 22:31:27
"Boring shows, they cancelled my favorite series",1,2023-10-23 00:51:31
"Amazing series, I love every episode",4,2023-10-23 01:22:32
"Love it, highly recommend",4,2023-10-23 02:36:43
"Bad movies lately, the new season is awful",2,2023-10-23 08:49:12
Worst experience ever,1,2023-10-23 10:08:40
"Great interface, loading is quick and easy",5,2023-10-23 15:04:49
"Great interface, loading is quick and easy",5,2023-10-23 18:35:52
"Great interface, loading is quick and easy",4,2023-10-23 18:41:15
"Great interface, loading is quick and easy",5,2023-10-23 22:14:50
Good value for the money,5,2023-10-24 02:18:01
"Very disappointed, I hate it",1,2023-10-24 05:44:51
"Worth every penny, the subscription price is fair",5,2023-10-24 07:03:23
"Best shows and movies, the new season is wonderful",5,2023-10-24 10:29:42
"Very disappointed, I hate it",3,2023-10-24 13:04:51
"Love it, highly recommend",5,2023-10-24 16:05:47
"Average, nothing special",3,2023-10-24 21:58:41
"Excellent, five stars",4,2023-10-25 05:48:52
"Best shows and movies, the new season is wonderful",5,2023-10-25 07:51:01
"Very disappointed, I hate it",2,2023-10-25 10:04:58
"Amazing series, I love every episode",5,2023-10-25 10:48:21
"Amazing series, I love every episode",5,2023-10-25 12:06:35
"Bad movies lately, the new season is awful",1,2023-10-25 13:26:11
"Worth every penny, the subscription price is fair",4,2023-10-25 14:08:05
"The app is smooth and fast, no crashes at all",5,2023-10-25 16:06:23
"Boring shows, they cancelled my favorite series",2,2023-10-25 17:52:03
"Bad movies lately, the new season is awful",3,2023-10-25 22:00:35
It is okay,3,2023-10-26 01:40:00
"Best shows and movies, the new season is wonderful",5,2023-10-26 03:00:14
Worst experience ever,1,2023-10-26 13:11:17
"Boring shows, they cancelled my favorite series",2,2023-10-26 13:24:30
"Love it, highly recommend",5,2023-10-26 13:36:17
Payment failed again and no refund,2,2023-10-26 14:02:52
"The app is smooth and fast, no crashes at all",4,2023-10-26 18:07:08
"Average, nothing special",3,2023-10-26 20:49:32
"Very slow and buggy interface, constant error on login",3,2023-10-26 21:48:38
Fine for now,3,2023-10-27 15:03:29
Good value for the money,5,2023-10-27 15:23:43
"Great interface, loading is quick and easy",5,2023-10-27 19:44:36
"The app is smooth and fast, no crashes at all",5,2023-10-28 00:13:00
"Great interface, loading is quick and easy",5,2023-10-28 07:43:43
"Best shows and movies, the new season is wonderful",5,2023-10-28 12:30:38
Works as expected,3,2023-10-28 13:46:50
"Best shows and movies, the new season is wonderful",4,2023-10-28 16:06:44
"Very slow and buggy interface, constant error on login",2,2023-10-28 16:43:07
"Excellent, five stars",5,2023-10-28 20:16:14
Good value for the money,5,2023-10-29 00:42:36
"Best shows and movies, the new season is wonderful",4,2023-10-29 03:31:52
"Worth every penny, the subscription price is fair",4,2023-10-29 06:19:39
"Ads and a higher subscription cost, waste of money",2,2023-10-29 17:29:27
"Terrible bug, screen is stuck on loading",3,2023-10-29 22:06:59
"Worth every penny, the subscription price is fair",5,2023-10-30 04:11:58
"Too expensive, the price keeps going up",2,2023-10-30 05:34:38
Good value for the money,5,2023-10-30 11:25:16
"Terrible bug, screen is stuck on loading",2,2023-10-30 16:16:51
"Great interface, loading is quick and easy",5,2023-10-30 20:42:28
"Best shows and movies, the new season is wonderful",4,2023-10-31 00:42:01
"Best shows and movies, the new season is wonderful",5,2023-10-31 02:45:52
The app keeps freezing and crashing after the update,3,2023-10-31 04:36:31
"Best shows and movies, the new season is wonderful",5,2023-10-31 16:42:44
"Best shows and movies, the new season is wonderful",4,2023-10-31 21:53:55
"Best shows and movies, the new season is wonderful",5,2023-11-01 01:19:58
It is okay,3,2023-11-01 11:21:20
"Best shows and movies, the new season is wonderful",4,2023-11-01 15:17:02
"Amazing series, I love every episode",5,2023-11-01 15:54:24
Payment failed again and no refund,3,2023-11-01 21:06:39
"Very disappointed, I hate it",3,2023-11-01 22:10:13
"Boring shows, they cancelled my favorite series",2,2023-11-02 00:12:38
"Best shows and movies, the new season is wonderful",4,2023-11-02 02:33:47
"Worth every penny, the subscription price is fair",4,2023-11-02 07:17:33
"Great interface, loading is quick and easy",5,2023-11-02 07:32:48
"The app is smooth and fast, no crashes at all",4,2023-11-02 08:35:28
"Great interface, loading is quick and easy",5,2023-11-02 10:54:18
"Too expensive, the price keeps going up",2,2023-11-02 12:09:37
"Bad movies lately, the new season is awful",2,2023-11-02 16:32:32
"Bad movies lately, the new season is awful",1,2023-11-02 21:10:30
Good value for the money,5,2023-11-03 00:28:51
"Ads and a higher subscription cost, waste of money",1,2023-11-03 01:21:51
Worst experience ever,2,2023-11-03 04:12:09
It is okay,3,2023-11-03 05:47:29
"Terrible bug, screen is stuck on loading",1,2023-11-03 11:25:50
"Best shows and movies, the new season is wonderful",4,2023-11-03 11:56:10
Worst experience ever,2,2023-11-03 13:03:04
"Worth every penny, the subscription price is fair",5,2023-11-03 20:02:31
"Best shows and movies, the new season is wonderful",5,2023-11-04 01:44:15
"Worth every penny, the subscription price is fair",5,2023-11-04 03:12:29
"Amazing series, I love every episode",5,2023-11-04 03:33:13
"The app is smooth and fast, no crashes at all",5,2023-11-04 03:55:36
"Amazing series, I love every episode",5,2023-11-04 07:10:38
"Boring shows, they cancelled my favorite series",3,2023-11-04 08:08:31
"Average, nothing special",3,2023-11-04 09:48:33
Good value for the money,5,2023-11-04 10:45:52
Payment failed again and no refund,1,2023-11-04 15:43:43
"Worth every penny, the subscription price is fair",4,2023-11-04 16:41:08
"Bad movies lately, the new season is awful",1,2023-11-05 01:42:34
"Too expensive, the price keeps going up",2,2023-11-05 03:16:58
Good value for the money,5,2023-11-05 07:39:09
"The app is smooth and fast, no crashes at all",5,2023-11-05 07:39:35
Good value for the money,4,2023-11-05 11:34:22
"Worth every penny, the subscription price is fair",4,2023-11-05 13:07:37
"Boring shows, they cancelled my favorite series",2,2023-11-06 02:08:11
"Excellent, five stars",5,2023-11-06 08:53:28
Payment failed again and no refund,3,2023-11-06 11:24:31
"Best shows and movies, the new season is wonderful",5,2023-11-06 13:05:27
"Very disappointed, I hate it",1,2023-11-06 13:15:37
"Amazing series, I love every episode",5,2023-11-06 20:11:32
"Best shows and movies, the new season is wonderful",4,2023-11-06 21:59:31
"Best shows and movies, the new season is wonderful",4,2023-11-06 22:36:21
"Great interface, loading is quick and easy",4,2023-11-06 22:47:03
"The app is smooth and fast, no crashes at all",4,2023-11-06 23:10:54
Payment failed again and no refund,2,2023-11-06 23:46:16
"Great interface, loading is quick and easy",4,2023-11-06 23:49:58
"Bad movies lately, the new season is awful",2,2023-11-07 01:20:22
"Worth every penny, the subscription price is fair",4,2023-11-07 04:53:34
Payment failed again and no refund,1,2023-11-07 20:38:17
"Boring shows, they cancelled my favorite series",3,2023-11-07 21:08:26
"Very slow and buggy interface, constant error on login",1,2023-11-08 01:10:02
"Excellent, five stars",5,2023-11-08 13:13:44
Good value for the money,5,2023-11-08 22:23:03
"Ads and a higher subscription cost, waste of money",2,2023-11-08 22:41:54
"Best shows and movies, the new season is wonderful",4,2023-11-09 00:29:36
Good value for the money,5,2023-11-09 03:25:02
"Very disappointed, I hate it",1,2023-11-09 04:27:13
"Average, nothing special",3,2023-11-09 05:37:22
Worst experience ever,1,2023-11-09 05:38:43
"Average, nothing special",3,2023-11-09 06:14:20
Fine for now,3,2023-11-09 07:49:55
Good value for the money,4,2023-11-09 09:51:55
"The app is smooth and fast, no crashes at all",5,2023-11-09 11:22:56
"Excellent, five stars",5,2023-11-09 13:35:20
"The app is smooth and fast, no crashes at all",5,2023-11-09 16:53:06
Good value for the money,5,2023-11-10 08:33:38
"Amazing series, I love every episode",5,2023-11-10 15:30:46
"Worth every penny, the subscription price is fair",5,2023-11-10 16:09:43
"The app is smooth and fast, no crashes at all",5,2023-11-10 22:27:00
"Very slow and buggy interface, constant error on login",1,2023-11-11 03:07:06
"Best shows and movies, the new season is wonderful",5,2023-11-11 04:25:00
"Too expensive, the price keeps going up",2,2023-11-11 04:45:06
"Great interface, loading is quick and easy",4,2023-11-11 08:51:36
"Too expensive, the price keeps going up",3,2023-11-11 11:45:39
The app keeps freezing and crashing after the update,2,2023-11-11 11:56:00
"Ads and a higher subscription cost, waste of money",1,2023-11-11 12:59:03
"Average, nothing special",3,2023-11-11 21:14:33
"Ads and a higher subscription cost, waste of money",1,2023-11-12 00:00:12
It is okay,3,2023-11-12 00:16:47
"Bad movies lately, the new season is awful",1,2023-11-12 01:05:59
"Average, nothing special",3,2023-11-12 13:32:34
"Too expensive, the price keeps going up",1,2023-11-12 20:48:03
"Amazing series, I love every episode",5,2023-11-12 22:09:31
"Best shows and movies, the new season is wonderful",4,2023-11-12 23:22:10
"Very slow and buggy interface, constant error on login",2,2023-11-13 00:26:17
Good value for the money,5,2023-11-13 03:33:20
"Amazing series, I love every episode",4,2023-11-13 03:37:51
"Bad movies lately, the new season is awful",1,2023-11-13 05:39:04
"Best shows and movies, the new season is wonderful",5,2023-11-13 06:34:44
"Great interface, loading is quick and easy",5,2023-11-13 11:14:30
"Love it, highly recommend",5,2023-11-13 20:46:06
Good value for the money,5,2023-11-13 20:53:51
"Great interface, loading is quick and easy",5,2023-11-14 00:22:20
"Amazing series, I love every episode",4,2023-11-14 06:55:52
"Best shows and movies, the new season is wonderful",5,2023-11-14 07:20:37
"Best shows and movies, the new season is wonderful",5,2023-11-14 08:26:08
The app keeps freezing and crashing after the update,1,2023-11-14 08:54:52
"The app is smooth and fast, no crashes at all",5,2023-11-14 11:53:47
"Very disappointed, I hate it",1,2023-11-14 14:12:22
"Love it, highly recommend",4,2023-11-14 16:05:15
Good value for the money,5,2023-11-14 23:33:13
"Ads and a higher subscription cost, waste of money",1,2023-11-14 23:53:06
Good value for the money,5,2023-11-15 03:18:12
"Amazing series, I love every episode",4,2023-11-15 04:07:51
"Boring shows, they cancelled my favorite series",1,2023-11-15 05:58:47
"Worth every penny, the subscription price is fair",5,2023-11-15 07:18:22
"Best shows and movies, the new season is wonderful",5,2023-11-15 07:18:26
"Worth every penny, the subscription price is fair",5,2023-11-15 15:21:17
"The app is smooth and fast, no crashes at all",5,2023-11-15 15:43:36
"Best shows and movies, the new season is wonderful",5,2023-11-16 01:09:19
"Amazing series, I love every episode",4,2023-11-16 05:39:52
"Average, nothing special",3,2023-11-16 06:04:51
"Boring shows, they cancelled my favorite series",1,2023-11-16 10:26:00
"Very slow and buggy interface, constant error on login",2,2023-11-16 15:46:55
"Best shows and movies, the new season is wonderful",5,2023-11-16 21:25:16
"Bad movies lately, the new season is awful",1,2023-11-16 23:30:54
"Love it, highly recommend",4,2023-11-17 04:17:33
Works as expected,3,2023-11-17 07:45:19
"Amazing series, I love every episode",5,2023-11-17 12:48:55
"Average, nothing special",3,2023-11-17 14:52:35
"Terrible bug, screen is stuck on loading",2,2023-11-17 15:39:32
"Love it, highly recommend",4,2023-11-17 16:05:23
"Amazing series, I love every episode",5,2023-11-17 16:55:06
Good value for the money,4,2023-11-17 17:16:03
"Best shows and movies, the new season is wonderful",4,2023-11-18 00:23:06
"Worth every penny, the subscription price is fair",5,2023-11-18 04:43:22
Fine for now,3,2023-11-18 07:49:15
"The app is smooth and fast, no crashes at all",5,2023-11-18 12:19:01
"Excellent, five stars",5,2023-11-18 12:53:57
Works as expected,3,2023-11-18 14:56:28
"Ads and a higher subscription cost, waste of money",3,2023-11-18 23:28:14
"Terrible bug, screen is stuck on loading",3,2023-11-19 00:02:30
"Love it, highly recommend",4,2023-11-19 05:58:39
"The app is smooth and fast, no crashes at all",5,2023-11-19 06:16:00
"Boring shows, they cancelled my favorite series",2,2023-11-19 08:39:08
"Love it, highly recommend",5,2023-11-19 17:07:40
"Best shows and movies, the new season is wonderful",4,2023-11-19 17:38:38
"Amazing series, I love every episode",5,2023-11-19 23:11:06
"Amazing series, I love every episode",5,2023-11-20 03:32:02
It is okay,3,2023-11-20 09:35:17
"Great interface, loading is quick and easy",4,2023-11-20 11:53:36
"Best shows and movies, the new season is wonderful",5,2023-11-20 13:11:56
"The app is smooth and fast, no crashes at all",4,2023-11-20 14:41:19
"The app is smooth and fast, no crashes at all",5,2023-11-20 22:30:48
"Terrible bug, screen is stuck on loading",2,2023-11-21 01:13:48
"Best shows and movies, the new season is wonderful",5,2023-11-21 01:38:05
"Excellent, five stars",5,2023-11-21 07:01:32
"The app is smooth and fast, no crashes at all",5,2023-11-21 09:25:54
"Ads and a higher subscription cost, waste of money",2,2023-11-21 13:06:15
"Excellent, five stars",5,2023-11-21 16:14:06
"Average, nothing special",3,2023-11-21 17:58:45
"Great interface, loading is quick and easy",5,2023-11-21 18:57:28
Worst experience ever,2,2023-11-21 20:37:41
Good value for the money,4,2023-11-21 22:21:56
"Amazing series, I love every episode",4,2023-11-21 23:04:29
"Great interface, loading is quick and easy",5,2023-11-22 04:24:54
"Amazing series, I love every episode",5,2023-11-22 06:40:21
"Amazing series, I love every episode",4,2023-11-22 07:55:11
"Amazing series, I love every episode",5,2023-11-22 12:48:15
"Amazing series, I love every episode",5,2023-11-22 13:08:45
"Boring shows, they cancelled my favorite series",1,2023-11-22 13:25:23
"Too expensive, the price keeps going up",1,2023-11-22 16:06:13
"Great interface, loading is quick and easy",5,2023-11-22 19:27:08
"Too expensive, the price keeps going up",1,2023-11-22 21:17:18
Fine for now,3,2023-11-23 00:50:03
Fine for now,3,2023-11-23 04:39:44
Payment failed again and no refund,1,2023-11-23 06:07:22
Worst experience ever,2,2023-11-23 09:34:46
The app keeps freezing and crashing after the update,1,2023-11-23 13:24:32
"Average, nothing special",3,2023-11-23 13:42:23
"Great interface, loading is quick and easy",4,2023-11-23 17:41:59
"Amazing series, I love every episode",5,2023-11-23 18:34:50
"Best shows and movies, the new season is wonderful",5,2023-11-23 22:02:44
Fine for now,3,2023-11-24 01:39:52
"Great interface, loading is quick and easy",5,2023-11-24 04:24:15
"Best shows and movies, the new season is wonderful",5,2023-11-24 05:44:04
"Worth every penny, the subscription price is fair",5,2023-11-24 06:18:58
"Boring shows, they cancelled my favorite series",2,2023-11-24 08:59:21
"Best shows and movies, the new season is wonderful",4,2023-11-24 13:09:41
"The app is smooth and fast, no crashes at all",5,2023-11-24 23:16:08
"Best shows and movies, the new season is wonderful",5,2023-11-25 06:28:03
"Bad movies lately, the new season is awful",1,2023-11-25 06:35:16
Payment failed again and no refund,2,2023-11-25 10:05:25
"The app is smooth and fast, no crashes at all",5,2023-11-25 10:56:27
"The app is smooth and fast, no crashes at all",5,2023-11-25 16:37:13
Payment failed again and no refund,3,2023-11-25 18:41:11
The app keeps freezing and crashing after the update,1,2023-11-25 20:46:18
"Worth every penny, the subscription price is fair",5,2023-11-25 21:56:51
"Excellent, five stars",5,2023-11-25 22:32:33
"Amazing series, I love every episode",5,2023-11-26 03:14:08
"Terrible bug, screen is stuck on loading",2,2023-11-26 05:17:10
"Boring shows, they cancelled my favorite series",2,2023-11-26 08:53:37
"The app is smooth and fast, no crashes at all",5,2023-11-26 10:17:05
"Bad movies lately, the new season is awful",3,2023-11-26 10:48:11
"Average, nothing special",3,2023-11-26 11:13:45
"Excellent, five stars",4,2023-11-26 13:21:06
"Great interface, loading is quick and easy",4,2023-11-26 16:21:54
"Ads and a higher subscription cost, waste of money",3,2023-11-26 21:40:37
"Excellent, five stars",5,2023-11-26 21:54:39
"Great interface, loading is quick and easy",5,2023-11-26 22:05:02
"Amazing series, I love every episode",5,2023-11-27 02:29:10
"Very disappointed, I hate it",1,2023-11-27 02:47:51
Works as expected,3,2023-11-27 05:09:08
It is okay,3,2023-11-27 11:44:13
"Ads and a higher subscription cost, waste of money",2,2023-11-27 15:28:51
"Best shows and movies, the new season is wonderful",5,2023-11-27 20:46:34
"Terrible bug, screen is stuck on loading",1,2023-11-27 22:53:50
"Too expensive, the price keeps going up",3,2023-11-27 23:59:22
Payment failed again and no refund,1,2023-11-28 16:33:16
"Amazing series, I love every episode",4,2023-11-28 18:53:15
"Love it, highly recommend",4,2023-11-29 01:46:20
"Bad movies lately, the new season is awful",2,2023-11-29 03:05:01
"Bad movies lately, the new season is awful",1,2023-11-29 05:27:31
"Excellent, five stars",5,2023-11-29 07:00:51
Good value for the money,4,2023-11-29 16:14:25
"The app is smooth and fast, no crashes at all",4,2023-11-29 16:49:17
Good value for the money,5,2023-11-29 18:24:23
"Amazing series, I love every episode",5,2023-11-29 19:40:00
"Love it, highly recommend",4,2023-11-29 21:28:27
"Ads and a higher subscription cost, waste of money",3,2023-11-29 22:18:34
"Amazing series, I love every episode",5,2023-11-29 22:43:25
"Great interface, loading is quick and easy",5,2023-11-30 03:35:42
Good value for the money,4,2023-11-30 04:00:35
Good value for the money,5,2023-11-30 04:08:47
"Boring shows, they cancelled my favorite series",1,2023-11-30 07:53:57
"Terrible bug, screen is stuck on loading",1,2023-11-30 13:40:21
Works as expected,3,2023-11-30 16:55:13
"Amazing series, I love every episode",5,2023-11-30 17:33:33
"Amazing series, I love every episode",4,2023-12-01 02:59:48
Works as expected,3,2023-12-01 07:43:08
"Worth every penny, the subscription price is fair",4,2023-12-01 10:16:38
Good value for the money,4,2023-12-01 10:27:06
"Amazing series, I love every episode",5,2023-12-01 12:54:44
"Worth every penny, the subscription price is fair",5,2023-12-01 14:19:03
"Bad movies lately, the new season is awful",1,2023-12-01 17:34:19
"Excellent, five stars",5,2023-12-01 17:45:35
"Best shows and movies, the new season is wonderful",5,2023-12-01 19:52:34
Fine for now,3,2023-12-01 22:57:37
"Excellent, five stars",4,2023-12-02 02:07:36
"Terrible bug, screen is stuck on loading",1,2023-12-02 02:39:12
"Great interface, loading is quick and easy",4,2023-12-02 04:42:12
"Bad movies lately, the new season is awful",2,2023-12-02 06:37:20
Fine for now,3,2023-12-02 10:07:51
Worst experience ever,2,2023-12-02 11:00:08
"Love it, highly recommend",4,2023-12-02 18:08:28
Payment failed again and no refund,1,2023-12-02 20:53:16
"Amazing series, I love every episode",5,2023-12-03 04:29:19
"Amazing series, I love every episode",4,2023-12-03 07:30:05
"Bad movies lately, the new season is awful",3,2023-12-03 08:21:26
The app keeps freezing and crashing after the update,3,2023-12-03 15:06:20
"Boring shows, they cancelled my favorite series",3,2023-12-03 20:38:19
Works as expected,3,2023-12-04 10:56:18
Worst experience ever,2,2023-12-04 15:28:10
"Amazing series, I love every episode",4,2023-12-04 18:52:52
Payment failed again and no refund,1,2023-12-04 21:09:16
"Best shows and movies, the new season is wonderful",5,2023-12-05 01:17:40
"Best shows and movies, the new season is wonderful",5,2023-12-05 01:18:05
"Boring shows, they cancelled my favorite series",1,2023-12-05 01:50:29
"Average, nothing special",3,2023-12-05 05:14:28
Good value for the money,5,2023-12-05 08:23:37
"The app is smooth and fast, no crashes at all",4,2023-12-05 09:42:11
"Average, nothing special",3,2023-12-05 11:27:32
"Love it, highly recommend",5,2023-12-05 14:38:05
"Amazing series, I love every episode",5,2023-12-05 19:44:38
"Average, nothing special",3,2023-12-05 23:08:46
"Amazing series, I love every episode",5,2023-12-06 04:32:41
Good value for the money,5,2023-12-06 06:05:55
"Average, nothing special",3,2023-12-06 11:15:43
"Worth every penny, the subscription price is fair",5,2023-12-06 12:35:32
"Amazing series, I love every episode",5,2023-12-06 23:27:58
"Best shows and movies, the new season is wonderful",5,2023-12-07 06:09:39
Fine for now,3,2023-12-07 08:04:29
"Amazing series, I love every episode",4,2023-12-07 09:30:05
Works as expected,3,2023-12-07 11:15:17
"Great interface, loading is quick and easy",5,2023-12-07 17:33:13
"Average, nothing special",3,2023-12-07 23:24:12
"The app is smooth and fast, no crashes at all",5,2023-12-08 01:54:49
"Boring shows, they cancelled my favorite series",3,2023-12-08 02:03:06
"Amazing series, I love every episode",5,2023-12-08 07:13:08
"Worth every penny, the subscription price is fair",5,2023-12-08 11:08:06
"Great interface, loading is quick and easy",5,2023-12-08 11:55:07
It is okay,3,2023-12-08 17:57:48
"The app is smooth and fast, no crashes at all",5,2023-12-09 08:12:53
Good value for the money,4,2023-12-09 08:15:16
"Average, nothing special",3,2023-12-09 12:31:47
"Best shows and movies, the new season is wonderful",5,2023-12-09 13:23:50
"Average, nothing special",3,2023-12-09 19:58:06
"Amazing series, I love every episode",5,2023-12-09 21:07:22
"Great interface, loading is quick and easy",4,2023-12-09 23:40:57
"Bad movies lately, the new season is awful",1,2023-12-10 02:33:05
Works as expected,3,2023-12-10 03:49:02
"Bad movies lately, the new season is awful",1,2023-12-10 04:02:24
"The app is smooth and fast, no crashes at all",5,2023-12-10 04:58:11
"Amazing series, I love every episode",5,2023-12-10 09:38:42
"Excellent, five stars",5,2023-12-10 10:42:23
Good value for the money,5,2023-12-10 12:27:23
"Too expensive, the price keeps going up",1,2023-12-10 12:45:38
"Average, nothing special",3,2023-12-10 15:04:16
Works as expected,3,2023-12-10 15:53:44
Good value for the money,5,2023-12-10 17:42:45
"Boring shows, they cancelled my favorite series",2,2023-12-10 20:59:42
It is okay,3,2023-12-11 00:08:24
"Amazing series, I love every episode",5,2023-12-11 04:38:48
"Love it, highly recommend",4,2023-12-11 12:24:48
"Amazing series, I love every episode",4,2023-12-11 12:55:25
"Love it, highly recommend",5,2023-12-11 13:04:37
Good value for the money,4,2023-12-11 13:09:04
"The app is smooth and fast, no crashes at all",5,2023-12-11 14:32:02
"Too expensive, the price keeps going up",2,2023-12-11 23:16:29
"Bad movies lately, the new season is awful",1,2023-12-12 03:19:36
Good value for the money,5,2023-12-12 06:07:30
"Excellent, five stars",5,2023-12-12 08:45:46
"Amazing series, I love every episode",5,2023-12-12 09:43:47
"The app is smooth and fast, no crashes at all",5,2023-12-12 11:16:47
"Amazing series, I love every episode",5,2023-12-12 14:09:57
"Worth every penny, the subscription price is fair",5,2023-12-12 17:50:48
"Worth every penny, the subscription price is fair",4,2023-12-12 19:52:46
"The app is smooth and fast, no crashes at all",5,2023-12-12 20:00:01
"Amazing series, I love every episode",4,2023-12-13 05:05:42
"The app is smooth and fast, no crashes at all",4,2023-12-13 07:19:10
"Terrible bug, screen is stuck on loading",3,2023-12-13 08:51:11
"Love it, highly recommend",4,2023-12-13 12:56:38
"Best shows and movies, the new season is wonderful",5,2023-12-13 18:31:39
"Amazing series, I love every episode",4,2023-12-13 20:03:35
"Boring shows, they cancelled my favorite series",2,2023-12-13 20:29:34
"Love it, highly recommend",4,2023-12-14 04:54:47
"Average, nothing special",3,2023-12-14 11:33:12
"Best shows and movies, the new season is wonderful",5,2023-12-14 14:06:28
Good value for the money,4,2023-12-14 14:06:47
"Boring shows, they cancelled my favorite series",1,2023-12-14 19:31:32
The app keeps freezing and crashing after the update,1,2023-12-14 23:50:13
"Best shows and movies, the new season is wonderful",4,2023-12-15 00:47:52
"Boring shows, they cancelled my favorite series",1,2023-12-15 03:04:49
Fine for now,3,2023-12-15 03:46:22
"Great interface, loading is quick and easy",5,2023-12-15 07:23:43
"Amazing series, I love every episode",5,2023-12-15 13:23:20
"Bad movies lately, the new season is awful",2,2023-12-15 14:31:00
"Best shows and movies, the new season is wonderful",4,2023-12-15 15:30:39
"Great interface, loading is quick and easy",5,2023-12-15 20:39:05
"Bad movies lately, the new season is awful",1,2023-12-15 23:30:17
"Best shows and movies, the new season is wonderful",5,2023-12-16 03:30:48
"Great interface, loading is quick and easy",4,2023-12-16 04:52:07
"Worth every penny, the subscription price is fair",4,2023-12-16 07:03:50
"Love it, highly recommend",5,2023-12-16 09:18:02
Works as expected,3,2023-12-16 11:45:48
The app keeps freezing and crashing after the update,2,2023-12-16 15:28:05
"Amazing series, I love every episode",4,2023-12-16 21:02:55
Payment failed again and no refund,1,2023-12-16 21:47:34
"Very slow and buggy interface, constant error on login",1,2023-12-17 08:05:44
Good value for the money,4,2023-12-17 11:31:09
Worst experience ever,2,2023-12-17 15:15:32
"Boring shows, they cancelled my favorite series",3,2023-12-17 17:43:03
Payment failed again and no refund,1,2023-12-17 20:58:47
"Bad movies lately, the new season is awful",2,2023-12-17 23:23:06
"Love it, highly recommend",4,2023-12-18 15:01:39
"Love it, highly recommend",5,2023-12-18 15:02:05
"Bad movies lately, the new season is awful",3,2023-12-18 17:05:03
"Great interface, loading is quick and easy",5,2023-12-18 17:47:12
"Bad movies lately, the new season is awful",2,2023-12-18 18:28:14
"Best shows and movies, the new season is wonderful",5,2023-12-18 19:18:09
Works as expected,3,2023-12-18 23:57:43
Works as expected,3,2023-12-19 04:20:08
"Very slow and buggy interface, constant error on login",3,2023-12-19 05:20:49
"The app is smooth and fast, no crashes at all",5,2023-12-19 10:58:46
"Boring shows, they cancelled my favorite series",2,2023-12-19 11:13:03
"Love it, highly recommend",4,2023-12-19 20:37:01
"Very disappointed, I hate it",3,2023-12-19 22:10:17
The app keeps freezing and crashing after the update,1,2023-12-20 06:06:07
It is okay,3,2023-12-20 08:53:31
"Ads and a higher subscription cost, waste of money",2,2023-12-20 15:26:32
"The app is smooth and fast, no crashes at all",5,2023-12-20 16:20:05
"Terrible bug, screen is stuck on loading",2,2023-12-20 18:53:04
"Worth every penny, the subscription price is fair",5,2023-12-20 21:57:42
"Bad movies lately, the new season is awful",1,2023-12-21 05:51:27
"Bad movies lately, the new season is awful",3,2023-12-21 12:23:45
"Amazing series, I love every episode",5,2023-12-21 22:59:10
"Very slow and buggy interface, constant error on login",2,2023-12-22 05:50:06
"Boring shows, they cancelled my favorite series",1,2023-12-22 10:07:17
Good value for the money,5,2023-12-22 12:38:59
"Worth every penny, the subscription price is fair",4,2023-12-22 16:16:39
"Best shows and movies, the new season is wonderful",5,2023-12-22 19:01:59
"Best shows and movies, the new season is wonderful",4,2023-12-22 19:59:54
"Boring shows, they cancelled my favorite series",3,2023-12-23 01:52:09
"Worth every penny, the subscription price is fair",5,2023-12-23 07:04:56
"Average, nothing special",3,2023-12-23 08:22:40
"Boring shows, they cancelled my favorite series",2,2023-12-23 10:05:31
Fine for now,3,2023-12-23 11:36:40
Good value for the money,5,2023-12-23 15:35:18
"Worth every penny, the subscription price is fair",5,2023-12-23 17:34:58
"Ads and a higher subscription cost, waste of money",2,2023-12-24 00:32:24
"Too expensive, the price keeps going up",2,2023-12-24 02:28:09
"Terrible bug, screen is stuck on loading",3,2023-12-24 11:16:33
"Love it, highly recommend",4,2023-12-24 23:52:52
"Very slow and buggy interface, constant error on login",1,2023-12-25 01:07:47
Good value for the money,5,2023-12-25 03:17:27
"Best shows and movies, the new season is wonderful",5,2023-12-25 05:18:32
"Great interface, loading is quick and easy",5,2023-12-25 07:30:49
"Worth every penny, the subscription price is fair",5,2023-12-25 13:50:11
"Boring shows, they cancelled my favorite series",1,2023-12-25 14:13:41
The app keeps freezing and crashing after the update,2,2023-12-25 23:08:33
"Amazing series, I love every episode",5,2023-12-25 23:51:12
"Very disappointed, I hate it",2,2023-12-26 04:46:59
"Average, nothing special",3,2023-12-26 05:47:48
"Love it, highly recommend",4,2023-12-26 10:03:03
Good value for the money,5,2023-12-26 15:50:08
"The app is smooth and fast, no crashes at all",5,2023-12-26 16:51:27
The app keeps freezing and crashing after the update,1,2023-12-26 20:56:02
"Best shows and movies, the new season is wonderful",4,2023-12-26 22:26:00
"Worth every penny, the subscription price is fair",5,2023-12-27 02:40:17
Good value for the money,4,2023-12-27 06:24:04
"Average, nothing special",3,2023-12-27 11:37:44
"Very disappointed, I hate it",1,2023-12-27 11:48:54
"Worth every penny, the subscription price is fair",5,2023-12-27 15:42:34
"Excellent, five stars",4,2023-12-27 17:12:20
"Great interface, loading is quick and easy",4,2023-12-27 19:44:18
"The app is smooth and fast, no crashes at all",5,2023-12-27 20:45:41
"Terrible bug, screen is stuck on loading",1,2023-12-27 22:52:25
"Best shows and movies, the new season is wonderful",4,2023-12-28 00:21:03
"Great interface, loading is quick and easy",5,2023-12-28 00:39:49
"Amazing series, I love every episode",5,2023-12-28 07:39:45
Fine for now,3,2023-12-28 16:46:09
Works as expected,3,2023-12-28 18:51:01
"Amazing series, I love every episode",5,2023-12-29 02:42:25
It is okay,3,2023-12-29 03:28:29
"Great interface, loading is quick and easy",4,2023-12-29 10:39:44
"Average, nothing special",3,2023-12-29 12:11:44
"Average, nothing special",3,2023-12-29 14:46:58
"Great interface, loading is quick and easy",5,2023-12-30 02:52:55
"Great interface, loading is quick and easy",5,2023-12-30 12:19:57
"Great interface, loading is quick and easy",4,2023-12-30 13:39:26
Good value for the money,5,2023-12-30 14:31:52
"Great interface, loading is quick and easy",5,2023-12-30 15:40:20
"Love it, highly recommend",5,2023-12-30 21:44:26
"Ads and a higher subscription cost, waste of money",2,2023-12-31 02:24:48
"Ads and a higher subscription cost, waste of money",2,2023-12-31 06:19:49
Worst experience ever,1,2023-12-31 13:24:41
The app keeps freezing and crashing after the update,1,2023-12-31 14:33:05
"The app is smooth and fast, no crashes at all",4,2024-01-01 11:49:21
"Boring shows, they cancelled my favorite series",1,2024-01-01 12:17:47
It is okay,3,2024-01-01 21:11:11
"Very slow and buggy interface, constant error on login",1,2024-01-01 21:14:31
"The app is smooth and fast, no crashes at all",5,2024-01-02 01:44:19
"Best shows and movies, the new season is wonderful",4,2024-01-02 06:04:24
"Bad movies lately, the new season is awful",1,2024-01-02 06:20:38
"The app is smooth and fast, no crashes at all",5,2024-01-02 07:29:46
Fine for now,3,2024-01-02 14:56:13
"Best shows and movies, the new season is wonderful",4,2024-01-02 15:38:34
"Worth every penny, the subscription price is fair",4,2024-01-02 16:50:46
"Amazing series, I love every episode",5,2024-01-02 17:00:46
"Boring shows, they cancelled my favorite series",3,2024-01-02 18:04:18
Worst experience ever,1,2024-01-03 00:04:19
"Best shows and movies, the new season is wonderful",5,2024-01-03 00:58:30
"Bad movies lately, the new season is awful",1,2024-01-03 08:18:59
"Love it, highly recommend",4,2024-01-03 10:22:22
"Amazing series, I love every episode",4,2024-01-03 12:30:17
"Too expensive, the price keeps going up",1,2024-01-03 13:18:07
The app keeps freezing and crashing after the update,1,2024-01-03 15:43:05
"Worth every penny, the subscription price is fair",4,2024-01-03 17:28:06
"Amazing series, I love every episode",5,2024-01-03 19:38:49
"Bad movies lately, the new season is awful",1,2024-01-03 20:02:50
"Amazing series, I love every episode",4,2024-01-03 23:30:13
"Amazing series, I love every episode",5,2024-01-04 04:36:24
"Very disappointed, I hate it",2,2024-01-04 05:15:58
"Amazing series, I love every episode",5,2024-01-04 07:32:39
"Amazing series, I love every episode",4,2024-01-04 09:02:16
The app keeps freezing and crashing after the update,2,2024-01-04 09:06:11
"Bad movies lately, the new season is awful",1,2024-01-04 13:51:39
Works as expected,3,2024-01-05 01:53:07
"Best shows and movies, the new season is wonderful",5,2024-01-05 03:11:26
"Worth every penny, the subscription price is fair",5,2024-01-05 04:07:42
"Boring shows, they cancelled my favorite series",2,2024-01-05 06:24:48
"The app is smooth and fast, no crashes at all",4,2024-01-05 12:20:28
"Bad movies lately, the new season is awful",2,2024-01-05 14:07:21
"Amazing series, I love every episode",5,2024-01-05 16:45:44
"Ads and a higher subscription cost, waste of money",2,2024-01-05 23:33:25
Good value for the money,5,2024-01-05 23:38:25
"Best shows and movies, the new season is wonderful",5,2024-01-06 08:20:59
"Average, nothing special",3,2024-01-06 09:30:49
The app keeps freezing and crashing after the update,1,2024-01-06 16:12:08
"Love it, highly recommend",5,2024-01-06 18:50:09
Payment failed again and no refund,2,2024-01-06 19:21:12
"Great interface, loading is quick and easy",5,2024-01-06 19:58:36
"Amazing series, I love every episode",5,2024-01-06 22:02:35
"Best shows and movies, the new season is wonderful",4,2024-01-06 23:40:29
Good value for the money,5,2024-01-07 06:59:26
"Amazing series, I love every episode",4,2024-01-07 12:43:09
"Great interface, loading is quick and easy",5,2024-01-07 15:44:45
"Best shows and movies, the new season is wonderful",5,2024-01-07 19:30:05
"Boring shows, they cancelled my favorite series",3,2024-01-07 23:04:45
Worst experience ever,3,2024-01-08 07:47:39
"Amazing series, I love every episode",5,2024-01-08 08:12:36
"Bad movies lately, the new season is awful",2,2024-01-08 08:32:43
"Great interface, loading is quick and easy",4,2024-01-08 10:16:11
"Too expensive, the price keeps going up",2,2024-01-08 15:08:13
"Worth every penny, the subscription price is fair",5,2024-01-08 16:24:23
"Boring shows, they cancelled my favorite series",1,2024-01-08 23:02:57
"Bad movies lately, the new season is awful",1,2024-01-09 01:15:52
"Worth every penny, the subscription price is fair",5,2024-01-09 06:51:39
"Terrible bug, screen is stuck on loading",1,2024-01-09 08:00:04
"Amazing series, I love every episode",4,2024-01-09 11:24:13
Good value for the money,5,2024-01-09 14:52:21
"Bad movies lately, the new season is awful",2,2024-01-09 15:07:40
Payment failed again and no refund,2,2024-01-09 15:51:07
Worst experience ever,1,2024-01-09 18:06:55
"Average, nothing special",3,2024-01-09 23:35:39
"Amazing series, I love every episode",4,2024-01-10 00:21:14
"Bad movies lately, the new season is awful",3,2024-01-10 01:27:56
"Great interface, loading is quick and easy",4,2024-01-10 14:43:10
The app keeps freezing and crashing after the update,3,2024-01-10 15:09:50
Good value for the money,4,2024-01-10 16:55:09
"Average, nothing special",3,2024-01-10 19:32:09
"The app is smooth and fast, no crashes at all",4,2024-01-10 21:35:17
"Best shows and movies, the new season is wonderful",5,2024-01-11 02:14:18
"Terrible bug, screen is stuck on loading",2,2024-01-11 04:07:12
"Amazing series, I love every episode",4,2024-01-11 06:10:45
Good value for the money,5,2024-01-11 06:45:18
Works as expected,3,2024-01-11 17:34:14
"Amazing series, I love every episode",5,2024-01-11 18:02:27
"Average, nothing special",3,2024-01-11 23:06:48
Worst experience ever,1,2024-01-12 02:29:26
"Great interface, loading is quick and easy",5,2024-01-12 03:49:45
"Average, nothing special",3,2024-01-12 05:14:32
"Amazing series, I love every episode",5,2024-01-12 07:02:42
"Best shows and movies, the new season is wonderful",4,2024-01-12 14:29:44
"Amazing series, I love every episode",4,2024-01-12 16:40:14
"Average, nothing special",3,2024-01-12 20:25:46
"Worth every penny, the subscription price is fair",5,2024-01-12 23:58:44
"Best shows and movies, the new season is wonderful",4,2024-01-13 03:47:23
"Amazing series, I love every episode",5,2024-01-13 10:24:25
"Ads and a higher subscription cost, waste of money",3,2024-01-13 11:12:07
"The app is smooth and fast, no crashes at all",4,2024-01-13 11:19:28
"Excellent, five stars",5,2024-01-13 12:13:09
Good value for the money,5,2024-01-13 20:02:20
"Ads and a higher subscription cost, waste of money",1,2024-01-14 02:41:37
"Best shows and movies, the new season is wonderful",5,2024-01-14 06:26:03
Good value for the money,5,2024-01-14 09:34:12
Payment failed again and no refund,2,2024-01-14 11:02:59
"Ads and a higher subscription cost, waste of money",1,2024-01-14 11:22:44
"The app is smooth and fast, no crashes at all",5,2024-01-14 11:32:22
"The app is smooth and fast, no crashes at all",5,2024-01-14 14:14:37
Good value for the money,5,2024-01-14 17:01:00
Works as expected,3,2024-01-14 20:52:27
"Love it, highly recommend",5,2024-01-15 00:43:12
"Average, nothing special",3,2024-01-15 03:01:39
"The app is smooth and fast, no crashes at all",5,2024-01-15 03:37:02
"Best shows and movies, the new season is wonderful",5,2024-01-15 05:37:33
"Bad movies lately, the new season is awful",2,2024-01-15 06:39:59
"The app is smooth and fast, no crashes at all",4,2024-01-15 09:46:27
"Average, nothing special",3,2024-01-15 11:28:53
Good value for the money,5,2024-01-15 11:57:49
Worst experience ever,1,2024-01-15 12:33:28
"Best shows and movies, the new season is wonderful",5,2024-01-15 14:04:40
The app keeps freezing and crashing after the update,1,2024-01-15 21:10:47
"Too expensive, the price keeps going up",2,2024-01-16 01:57:15
Fine for now,3,2024-01-16 06:36:58
"Worth every penny, the subscription price is fair",5,2024-01-16 11:00:25
"Too expensive, the price keeps going up",3,2024-01-16 13:21:36
Good value for the money,5,2024-01-16 16:53:04
The app keeps freezing and crashing after the update,3,2024-01-16 20:26:24
"Best shows and movies, the new season is wonderful",5,2024-01-16 23:16:36
Payment failed again and no refund,1,2024-01-17 07:41:04
Fine for now,3,2024-01-17 09:58:42
"Bad movies lately, the new season is awful",2,2024-01-17 16:37:19
Works as expected,3,2024-01-17 23:12:28
"Great interface, loading is quick and easy",5,2024-01-18 00:06:05
Fine for now,3,2024-01-18 05:00:24
"The app is smooth and fast, no crashes at all",4,2024-01-18 08:06:46
"Amazing series, I love every episode",5,2024-01-18 15:02:46
"The app is smooth and fast, no crashes at all",4,2024-01-18 15:51:26
"Best shows and movies, the new season is wonderful",4,2024-01-18 21:10:38
"Terrible bug, screen is stuck on loading",3,2024-01-18 23:21:20
"Best shows and movies, the new season is wonderful",5,2024-01-19 06:12:16
"Ads and a higher subscription cost, waste of money",3,2024-01-19 06:33:20
"Bad movies lately, the new season is awful",2,2024-01-19 06:45:41
"Boring shows, they cancelled my favorite series",3,2024-01-19 09:19:50
"Amazing series, I love every episode",5,2024-01-19 14:01:06
"Great interface, loading is quick and easy",5,2024-01-19 15:46:44
"Terrible bug, screen is stuck on loading",1,2024-01-19 18:17:58
"Worth every penny, the subscription price is fair",5,2024-01-19 23:23:09
"The app is smooth and fast, no crashes at all",5,2024-01-20 12:37:24
Good value for the money,4,2024-01-20 12:48:48
"Average, nothing special",3,2024-01-20 15:05:31
"Very slow and buggy interface, constant error on login",3,2024-01-20 16:09:20
"The app is smooth and fast, no crashes at all",4,2024-01-20 16:25:51
"Best shows and movies, the new season is wonderful",4,2024-01-20 19:00:47
"Terrible bug, screen is stuck on loading",2,2024-01-20 19:35:03
"Bad movies lately, the new season is awful",2,2024-01-20 19:55:12
"Best shows and movies, the new season is wonderful",4,2024-01-20 21:54:21
The app keeps freezing and crashing after the update,2,2024-01-21 04:54:14
"Amazing series, I love every episode",4,2024-01-21 06:52:43
"Boring shows, they cancelled my favorite series",1,2024-01-21 08:09:08
"Amazing series, I love every episode",5,2024-01-21 08:49:16
Worst experience ever,1,2024-01-21 12:30:54
Good value for the money,5,2024-01-21 13:59:53
"Boring shows, they cancelled my favorite series",2,2024-01-21 17:06:58
"Amazing series, I love every episode",4,2024-01-21 19:17:23
"Best shows and movies, the new season is wonderful",5,2024-01-21 23:31:18
"The app is smooth and fast, no crashes at all",4,2024-01-22 03:10:00
Works as expected,3,2024-01-22 08:41:40
"Average, nothing special",3,2024-01-22 11:40:06
"The app is smooth and fast, no crashes at all",5,2024-01-22 12:31:54
"Best shows and movies, the new season is wonderful",5,2024-01-22 16:46:27
"Average, nothing special",3,2024-01-22 18:46:58
"Best shows and movies, the new season is wonderful",5,2024-01-22 19:00:17
Fine for now,3,2024-01-22 20:00:29
"The app is smooth and fast, no crashes at all",5,2024-01-22 20:04:10
"Bad movies lately, the new season is awful",3,2024-01-22 21:12:12
"Amazing series, I love every episode",4,2024-01-22 21:23:35
"Best shows and movies, the new season is wonderful",4,2024-01-23 05:14:04
Works as expected,3,2024-01-23 10:44:24
"Amazing series, I love every episode",5,2024-01-23 17:33:03
"The app is smooth and fast, no crashes at all",5,2024-01-24 04:32:14
"Average, nothing special",3,2024-01-24 06:48:50
"Worth every penny, the subscription price is fair",4,2024-01-24 07:55:22
"Great interface, loading is quick and easy",5,2024-01-24 09:05:37
"Worth every penny, the subscription price is fair",5,2024-01-24 11:48:24
"Great interface, loading is quick and easy",5,2024-01-24 14:03:44
"Best shows and movies, the new season is wonderful",4,2024-01-24 14:05:41
"Too expensive, the price keeps going up",1,2024-01-24 15:52:15
Good value for the money,4,2024-01-24 17:45:04
"Amazing series, I love every episode",5,2024-01-24 17:46:19
"Excellent, five stars",5,2024-01-25 01:18:25
"The app is smooth and fast, no crashes at all",5,2024-01-25 02:40:34
"Ads and a higher subscription cost, waste of money",1,2024-01-25 04:52:40
"Terrible bug, screen is stuck on loading",3,2024-01-25 05:27:52
Good value for the money,5,2024-01-25 13:39:30
"Bad movies lately, the new season is awful",1,2024-01-25 14:27:24
Good value for the money,5,2024-01-25 15:15:21
"Bad movies lately, the new season is awful",3,2024-01-25 15:59:25
"Great interface, loading is quick and easy",4,2024-01-25 16:43:37
"Love it, highly recommend",5,2024-01-25 18:34:49
"Best shows and movies, the new season is wonderful",5,2024-01-26 00:25:04
"Worth every penny, the subscription price is fair",5,2024-01-26 01:20:52
Good value for the money,5,2024-01-26 01:57:31
Worst experience ever,3,2024-01-26 01:59:17
The app keeps freezing and crashing after the update,2,2024-01-26 03:14:50
"Bad movies lately, the new season is awful",1,2024-01-26 03:29:24
Good value for the money,5,2024-01-26 11:03:54
"Amazing series, I love every episode",5,2024-01-26 12:15:06
"Boring shows, they cancelled my favorite series",1,2024-01-26 17:54:00
Good value for the money,4,2024-01-26 19:25:22
"Boring shows, they cancelled my favorite series",1,2024-01-26 20:16:13
Good value for the money,5,2024-01-27 02:55:18
Good value for the money,4,2024-01-27 04:22:08
"Too expensive, the price keeps going up",1,2024-01-27 04:24:14
"The app is smooth and fast, no crashes at all",5,2024-01-27 06:53:40
It is okay,3,2024-01-27 07:53:14
Worst experience ever,2,2024-01-27 08:01:59
Payment failed again and no refund,1,2024-01-27 08:41:06
"Best shows and movies, the new season is wonderful",4,2024-01-27 09:57:35
"Amazing series, I love every episode",5,2024-01-27 13:54:30
"Boring shows, they cancelled my favorite series",1,2024-01-27 19:38:43
"Worth every penny, the subscription price is fair",5,2024-01-28 00:24:48
Good value for the money,5,2024-01-28 02:20:23
Good value for the money,5,2024-01-28 06:22:52
"Best shows and movies, the new season is wonderful",4,2024-01-28 09:40:18
"Boring shows, they cancelled my favorite series",3,2024-01-28 10:32:07
Worst experience ever,2,2024-01-28 13:30:23
"The app is smooth and fast, no crashes at all",5,2024-01-28 17:13:13
Good value for the money,5,2024-01-28 19:31:22
"The app is smooth and fast, no crashes at all",4,2024-01-28 20:47:53
"The app is smooth and fast, no crashes at all",4,2024-01-28 21:02:07
Works as expected,3,2024-01-28 21:42:14
Good value for the money,5,2024-01-28 22:25:25
It is okay,3,2024-01-29 02:15:16
Fine for now,3,2024-01-29 05:37:00
"Worth every penny, the subscription price is fair",5,2024-01-29 07:12:27
"Best shows and movies, the new season is wonderful",5,2024-01-29 09:27:03
"Ads and a higher subscription cost, waste of money",1,2024-01-29 15:41:43
"Amazing series, I love every episode",5,2024-01-29 20:02:14
Payment failed again and no refund,1,2024-01-29 21:02:31
"Love it, highly recommend",5,2024-01-30 01:15:22
Good value for the money,5,2024-01-30 05:22:04
"Love it, highly recommend",5,2024-01-30 06:50:35
"The app is smooth and fast, no crashes at all",5,2024-01-30 09:38:24
"Great interface, loading is quick and easy",5,2024-01-30 15:35:51
"The app is smooth and fast, no crashes at all",5,2024-01-30 15:47:39
"Amazing series, I love every episode",4,2024-01-30 17:36:33
The app keeps freezing and crashing after the update,3,2024-01-30 19:12:39
"Too expensive, the price keeps going up",3,2024-01-30 20:49:19
"The app is smooth and fast, no crashes at all",4,2024-01-30 23:25:31
"Amazing series, I love every episode",5,2024-01-30 23:28:58
"Great interface, loading is quick and easy",5,2024-01-30 23:31:13
"Worth every penny, the subscription price is fair",5,2024-01-31 02:58:02
Good value for the money,5,2024-01-31 08:39:11
"Love it, highly recommend",5,2024-01-31 11:40:00
"Amazing series, I love every episode",5,2024-01-31 12:16:21
Payment failed again and no refund,2,2024-01-31 13:22:28
"Worth every penny, the subscription price is fair",5,2024-01-31 13:39:06
"Too expensive, the price keeps going up",2,2024-01-31 16:10:13
"Very slow and buggy interface, constant error on login",2,2024-01-31 23:15:55
"Amazing series, I love every episode",5,2024-02-01 08:47:51
"The app is smooth and fast, no crashes at all",5,2024-02-01 10:18:30
"Ads and a higher subscription cost, waste of money",1,2024-02-01 11:05:35
"The app is smooth and fast, no crashes at all",4,2024-02-01 13:58:29
"Great interface, loading is quick and easy",4,2024-02-01 16:13:48
"The app is smooth and fast, no crashes at all",4,2024-02-02 07:11:43
"Worth every penny, the subscription price is fair",4,2024-02-02 08:36:45
It is okay,3,2024-02-02 13:23:20
"Best shows and movies, the new season is wonderful",4,2024-02-02 15:21:51
"Excellent, five stars",5,2024-02-02 16:52:32
Worst experience ever,1,2024-02-02 17:16:44
Payment failed again and no refund,3,2024-02-02 18:45:08
Works as expected,3,2024-02-03 00:31:02
"Great interface, loading is quick and easy",5,2024-02-03 01:42:37
"Best shows and movies, the new season is wonderful",5,2024-02-03 05:12:34
"Best shows and movies, the new season is wonderful",4,2024-02-03 06:05:57
"Terrible bug, screen is stuck on loading",3,2024-02-03 07:21:24
"Amazing series, I love every episode",5,2024-02-03 08:57:52
"Love it, highly recommend",4,2024-02-03 11:16:40
"Great interface, loading is quick and easy",5,2024-02-03 11:46:52
"Amazing series, I love every episode",4,2024-02-03 13:04:06
"Amazing series, I love every episode",5,2024-02-03 13:26:13
"Very slow and buggy interface, constant error on login",3,2024-02-03 16:10:58
Worst experience ever,1,2024-02-03 17:10:22
"Worth every penny, the subscription price is fair",5,2024-02-03 17:48:02
"Bad movies lately, the new season is awful",3,2024-02-03 19:18:42
"Great interface, loading is quick and easy",5,2024-02-03 19:26:24
"Ads and a higher subscription cost, waste of money",2,2024-02-03 21:44:47
"Very disappointed, I hate it",2,2024-02-04 01:39:06
Good value for the money,4,2024-02-04 04:07:12
"Best shows and movies, the new season is wonderful",4,2024-02-04 05:15:10
"Very disappointed, I hate it",3,2024-02-04 05:46:07
"Ads and a higher subscription cost, waste of money",1,2024-02-04 10:30:52
"Boring shows, they cancelled my favorite series",2,2024-02-04 11:30:46
"Average, nothing special",3,2024-02-04 23:29:07
"Very slow and buggy interface, constant error on login",2,2024-02-05 06:41:27
Good value for the money,5,2024-02-05 07:06:11
"Amazing series, I love every episode",5,2024-02-05 09:04:14
"Great interface, loading is quick and easy",5,2024-02-05 15:28:45
"Amazing series, I love every episode",5,2024-02-05 15:55:42
The app keeps freezing and crashing after the update,1,2024-02-05 19:05:55
"Very disappointed, I hate it",1,2024-02-05 19:27:36
"Boring shows, they cancelled my favorite series",1,2024-02-05 21:10:25
"Boring shows, they cancelled my favorite series",2,2024-02-06 01:42:26
"Best shows and movies, the new season is wonderful",5,2024-02-06 05:47:27
Fine for now,3,2024-02-06 10:25:23
"The app is smooth and fast, no crashes at all",5,2024-02-06 13:53:34
"Very slow and buggy interface, constant error on login",2,2024-02-06 15:08:04
"Great interface, loading is quick and easy",4,2024-02-06 20:13:14
"Worth every penny, the subscription price is fair",5,2024-02-07 00:26:39
"Love it, highly recommend",4,2024-02-07 00:50:10
"Amazing series, I love every episode",5,2024-02-07 02:06:17
"Worth every penny, the subscription price is fair",5,2024-02-07 08:30:53
Good value for the money,5,2024-02-07 09:14:38
"Average, nothing special",3,2024-02-07 11:25:49
"Worth every penny, the subscription price is fair",5,2024-02-07 12:10:45
"Amazing series, I love every episode",5,2024-02-07 12:50:54
Good value for the money,4,2024-02-07 13:15:39
"Boring shows, they cancelled my favorite series",2,2024-02-07 13:29:24
"Bad movies lately, the new season is awful",2,2024-02-07 22:45:50
"Best shows and movies, the new season is wonderful",4,2024-02-07 23:09:57
"Love it, highly recommend",4,2024-02-08 00:37:52
"Ads and a higher subscription cost, waste of money",3,2024-02-08 02:19:58
"Amazing series, I love every episode",5,2024-02-08 03:58:48
"Great interface, loading is quick and easy",5,2024-02-08 04:45:32
"Best shows and movies, the new season is wonderful",5,2024-02-08 04:55:57
It is okay,3,2024-02-08 11:04:15
"Very disappointed, I hate it",2,2024-02-08 13:10:04
"Ads and a higher subscription cost, waste of money",2,2024-02-08 14:06:20
"Best shows and movies, the new season is wonderful",5,2024-02-08 15:50:41
Works as expected,3,2024-02-08 16:24:56
"Worth every penny, the subscription price is fair",5,2024-02-09 06:08:34
"The app is smooth and fast, no crashes at all",5,2024-02-09 06:31:25
"Boring shows, they cancelled my favorite series",3,2024-02-09 06:31:50
"Best shows and movies, the new season is wonderful",5,2024-02-09 07:40:36
Payment failed again and no refund,2,2024-02-09 10:05:56
Fine for now,3,2024-02-09 11:12:25
"Amazing series, I love every episode",5,2024-02-09 12:47:03
"Best shows and movies, the new season is wonderful",5,2024-02-09 17:49:25
"Love it, highly recommend",4,2024-02-09 18:51:29
Good value for the money,5,2024-02-09 21:22:08
Fine for now,3,2024-02-09 23:34:44
"Terrible bug, screen is stuck on loading",2,2024-02-09 23:46:34
"Worth every penny, the subscription price is fair",4,2024-02-10 05:13:11
"Too expensive, the price keeps going up",1,2024-02-10 05:15:58
"Very slow and buggy interface, constant error on login",2,2024-02-10 06:12:24
The app keeps freezing and crashing after the update,1,2024-02-10 06:15:53
"Amazing series, I love every episode",5,2024-02-10 08:49:39
"Too expensive, the price keeps going up",2,2024-02-10 09:12:30
"Best shows and movies, the new season is wonderful",5,2024-02-10 13:52:39
Good value for the money,5,2024-02-10 14:35:48
"Worth every penny, the subscription price is fair",4,2024-02-10 14:43:45
"Boring shows, they cancelled my favorite series",3,2024-02-10 17:18:14
Works as expected,3,2024-02-10 18:28:47
"The app is smooth and fast, no crashes at all",5,2024-02-10 20:23:49
"Great interface, loading is quick and easy",5,2024-02-10 22:54:18
"Very disappointed, I hate it",3,2024-02-10 22:57:40
"Amazing series, I love every episode",5,2024-02-10 23:51:55
"The app is smooth and fast, no crashes at all",5,2024-02-11 01:14:18
"Terrible bug, screen is stuck on loading",3,2024-02-11 01:57:35
"Excellent, five stars",4,2024-02-11 07:06:34
"Average, nothing special",3,2024-02-11 16:24:14
"Great interface, loading is quick and easy",5,2024-02-11 20:15:10
"Best shows and movies, the new season is wonderful",4,2024-02-11 22:41:05
"Bad movies lately, the new season is awful",2,2024-02-12 02:24:49
Worst experience ever,1,2024-02-12 02:35:11
Payment failed again and no refund,2,2024-02-12 03:57:00
"Amazing series, I love every episode",5,2024-02-12 05:59:18
"Too expensive, the price keeps going up",1,2024-02-12 06:46:25
"Bad movies lately, the new season is awful",1,2024-02-12 07:38:32
"Very disappointed, I hate it",3,2024-02-12 08:49:35
"Best shows and movies, the new season is wonderful",5,2024-02-12 08:53:10
"Too expensive, the price keeps going up",1,2024-02-12 09:06:34
"Great interface, loading is quick and easy",5,2024-02-12 13:34:27
"Bad movies lately, the new season is awful",1,2024-02-12 17:48:51
"Amazing series, I love every episode",4,2024-02-12 19:54:21
Good value for the money,5,2024-02-12 22:11:14
Payment failed again and no refund,1,2024-02-13 01:00:40
"Ads and a higher subscription cost, waste of money",2,2024-02-13 03:38:50
"Ads and a higher subscription cost, waste of money",1,2024-02-13 12:22:23
Good value for the money,4,2024-02-14 02:12:36
"Very disappointed, I hate it",2,2024-02-14 02:22:39
"Best shows and movies, the new season is wonderful",5,2024-02-14 04:31:00
"Best shows and movies, the new season is wonderful",5,2024-02-14 09:31:14
"Boring shows, they cancelled my favorite series",3,2024-02-14 20:48:17
"Boring shows, they cancelled my favorite series",1,2024-02-15 00:52:40
"Average, nothing special",3,2024-02-15 01:24:21
It is okay,3,2024-02-15 04:02:06
"The app is smooth and fast, no crashes at all",5,2024-02-15 13:28:19
"Boring shows, they cancelled my favorite series",1,2024-02-15 20:49:19
"Boring shows, they cancelled my favorite series",3,2024-02-15 22:01:49
Good value for the money,5,2024-02-16 04:19:25
"Terrible bug, screen is stuck on loading",3,2024-02-16 06:19:47
"Boring shows, they cancelled my favorite series",2,2024-02-16 08:00:48
"Great interface, loading is quick and easy",5,2024-02-16 08:38:59
"The app is smooth and fast, no crashes at all",5,2024-02-16 12:41:42
"Ads and a higher subscription cost, waste of money",2,2024-02-16 23:05:15
"Amazing series, I love every episode",5,2024-02-16 23:59:20
"Too expensive, the price keeps going up",3,2024-02-17 05:39:40
Works as expected,3,2024-02-17 13:11:56
"Worth every penny, the subscription price is fair",4,2024-02-17 18:47:33
"The app is smooth and fast, no crashes at all",5,2024-02-17 20:06:11
Good value for the money,5,2024-02-18 01:19:22
"Very slow and buggy interface, constant error on login",1,2024-02-18 08:26:09
"Ads and a higher subscription cost, waste of money",2,2024-02-18 11:01:14
"Bad movies lately, the new season is awful",1,2024-02-18 11:16:53
The app keeps freezing and crashing after the update,2,2024-02-18 12:03:13
"Excellent, five stars",5,2024-02-18 21:01:30
Payment failed again and no refund,3,2024-02-18 22:30:27
"Bad movies lately, the new season is awful",2,2024-02-19 01:03:46
"Love it, highly recommend",5,2024-02-19 03:56:00
Payment failed again and no refund,3,2024-02-19 06:54:52
"Bad movies lately, the new season is awful",2,2024-02-19 07:05:23
"Boring shows, they cancelled my favorite series",2,2024-02-19 08:18:32
"The app is smooth and fast, no crashes at all",5,2024-02-19 08:31:21
Fine for now,3,2024-02-19 13:10:28
"Excellent, five stars",5,2024-02-19 17:26:19
"Best shows and movies, the new season is wonderful",4,2024-02-19 18:19:09
"Great interface, loading is quick and easy",5,2024-02-19 19:06:23
"Amazing series, I love every episode",4,2024-02-19 20:46:32
"Amazing series, I love every episode",5,2024-02-20 03:28:22
"Worth every penny, the subscription price is fair",4,2024-02-20 05:11:54
"Great interface, loading is quick and easy",5,2024-02-20 06:15:57
"Excellent, five stars",5,2024-02-20 15:24:28
"Best shows and movies, the new season is wonderful",5,2024-02-20 23:38:44
"Very slow and buggy interface, constant error on login",1,2024-02-21 00:40:40
"The app is smooth and fast, no crashes at all",5,2024-02-21 02:15:19
"Great interface, loading is quick and easy",4,2024-02-21 03:23:19
The app keeps freezing and crashing after the update,2,2024-02-21 10:52:11
Good value for the money,5,2024-02-21 13:09:38
"Terrible bug, screen is stuck on loading",2,2024-02-21 15:25:19
"Amazing series, I love every episode",5,2024-02-21 18:28:11
"Worth every penny, the subscription price is fair",5,2024-02-21 20:53:38
"Love it, highly recommend",5,2024-02-22 00:41:59
Works as expected,3,2024-02-22 05:45:31
Works as expected,3,2024-02-22 11:53:43
Good value for the money,4,2024-02-22 12:07:01
"Very disappointed, I hate it",1,2024-02-22 12:17:15
"Worth every penny, the subscription price is fair",4,2024-02-22 17:19:07
"Very disappointed, I hate it",1,2024-02-22 22:58:40
"Amazing series, I love every episode",5,2024-02-22 23:26:37
"Terrible bug, screen is stuck on loading",1,2024-02-22 23:57:27
"Average, nothing special",3,2024-02-23 01:27:59
Fine for now,3,2024-02-23 05:08:44
"Great interface, loading is quick and easy",5,2024-02-23 05:34:05
Works as expected,3,2024-02-23 06:03:38
"Worth every penny, the subscription price is fair",5,2024-02-23 14:59:15
The app keeps freezing and crashing after the update,2,2024-02-23 17:56:09
Payment failed again and no refund,1,2024-02-23 21:02:37
"The app is smooth and fast, no crashes at all",5,2024-02-24 00:03:11
Good value for the money,5,2024-02-24 01:05:24
"Too expensive, the price keeps going up",1,2024-02-24 04:57:07
"The app is smooth and fast, no crashes at all",5,2024-02-24 09:58:02
"Great interface, loading is quick and easy",5,2024-02-24 10:14:21
It is okay,3,2024-02-24 13:11:26
"Ads and a higher subscription cost, waste of money",1,2024-02-24 21:08:35
"The app is smooth and fast, no crashes at all",5,2024-02-24 21:36:20
Good value for the money,5,2024-02-25 01:52:23
"Worth every penny, the subscription price is fair",5,2024-02-25 02:11:41
"Worth every penny, the subscription price is fair",5,2024-02-25 07:24:40
"Best shows and movies, the new season is wonderful",4,2024-02-25 07:24:40
"Average, nothing special",3,2024-02-25 10:19:03
"Amazing series, I love every episode",4,2024-02-25 11:32:33
"Worth every penny, the subscription price is fair",4,2024-02-25 14:39:32
"Amazing series, I love every episode",4,2024-02-25 16:11:28
"Very slow and buggy interface, constant error on login",1,2024-02-25 22:58:03
"The app is smooth and fast, no crashes at all",5,2024-02-26 00:27:46
Worst experience ever,3,2024-02-26 04:32:17
The app keeps freezing and crashing after the update,2,2024-02-26 07:49:12
"Terrible bug, screen is stuck on loading",2,2024-02-26 07:59:19
"Worth every penny, the subscription price is fair",5,2024-02-26 16:32:43
"Best shows and movies, the new season is wonderful",4,2024-02-26 20:13:25
"Amazing series, I love every episode",4,2024-02-26 23:09:45
"Bad movies lately, the new season is awful",1,2024-02-26 23:12:38
"The app is smooth and fast, no crashes at all",4,2024-02-27 00:39:28
"Worth every penny, the subscription price is fair",4,2024-02-27 01:21:27
"Best shows and movies, the new season is wonderful",5,2024-02-27 12:31:35
"Bad movies lately, the new season is awful",2,2024-02-27 12:33:08
The app keeps freezing and crashing after the update,2,2024-02-27 13:27:19
"Too expensive, the price keeps going up",2,2024-02-27 21:53:24
"The app is smooth and fast, no crashes at all",5,2024-02-27 22:32:22
Works as expected,3,2024-02-28 00:24:40
"Amazing series, I love every episode",5,2024-02-28 08:57:11
"Amazing series, I love every episode",5,2024-02-28 17:24:02
"Love it, highly recommend",5,2024-02-28 19:01:35
"Amazing series, I love every episode",4,2024-02-28 20:48:10
"Worth every penny, the subscription price is fair",5,2024-02-28 22:55:58
The app keeps freezing and crashing after the update,1,2024-02-28 23:35:29
"Best shows and movies, the new season is wonderful",5,2024-02-29 01:11:28
"Great interface, loading is quick and easy",5,2024-02-29 03:18:50
"Great interface, loading is quick and easy",4,2024-02-29 12:55:01
"Best shows and movies, the new season is wonderful",5,2024-02-29 17:25:59
"Bad movies lately, the new season is awful",2,2024-03-01 03:06:10
"Great interface, loading is quick and easy",5,2024-03-01 09:17:40
Works as expected,3,2024-03-01 15:58:16
Payment failed again and no refund,3,2024-03-01 16:51:50
Works as expected,3,2024-03-01 17:46:31
"Very disappointed, I hate it",3,2024-03-01 17:52:04
The app keeps freezing and crashing after the update,2,2024-03-01 18:56:31
"Very disappointed, I hate it",1,2024-03-01 22:09:43
"Great interface, loading is quick and easy",5,2024-03-02 01:51:50
"Bad movies lately, the new season is awful",2,2024-03-02 04:22:25
Good value for the money,4,2024-03-02 06:53:11
"Bad movies lately, the new season is awful",2,2024-03-02 11:03:15
"Amazing series, I love every episode",5,2024-03-02 13:50:56
"Bad movies lately, the new season is awful",1,2024-03-02 14:49:28
Fine for now,3,2024-03-02 16:22:33
"Boring shows, they cancelled my favorite series",2,2024-03-02 16:39:53
"Amazing series, I love every episode",5,2024-03-02 17:25:53
"Bad movies lately, the new season is awful",2,2024-03-02 17:35:00
"Excellent, five stars",4,2024-03-02 22:15:27
"Best shows and movies, the new season is wonderful",5,2024-03-03 00:27:53
Good value for the money,4,2024-03-03 04:53:33
"Best shows and movies, the new season is wonderful",4,2024-03-03 06:25:21
"Very disappointed, I hate it",2,2024-03-03 15:52:57
"Amazing series, I love every episode",4,2024-03-03 16:25:26
The app keeps freezing and crashing after the update,3,2024-03-03 17:03:17
"Terrible bug, screen is stuck on loading",2,2024-03-03 22:23:13
"Love it, highly recommend",5,2024-03-04 01:53:59
The app keeps freezing and crashing after the update,2,2024-03-04 04:44:06
"Best shows and movies, the new season is wonderful",4,2024-03-04 06:10:35
"Boring shows, they cancelled my favorite series",3,2024-03-04 06:19:27
"Excellent, five stars",5,2024-03-04 08:34:46
"The app is smooth and fast, no crashes at all",5,2024-03-04 09:31:54
"Ads and a higher subscription cost, waste of money",2,2024-03-04 09:52:14
"Love it, highly recommend",5,2024-03-04 14:29:09
It is okay,3,2024-03-04 22:31:57
Worst experience ever,2,2024-03-05 04:51:04
"The app is smooth and fast, no crashes at all",4,2024-03-05 07:00:20
"Amazing series, I love every episode",4,2024-03-05 07:30:11
"Ads and a higher subscription cost, waste of money",1,2024-03-05 08:14:22
"Very slow and buggy interface, constant error on login",2,2024-03-05 09:52:34
"Amazing series, I love every episode",5,2024-03-05 10:52:58
"Bad movies lately, the new season is awful",1,2024-03-05 11:26:27
"Excellent, five stars",5,2024-03-05 12:47:16
"Worth every penny, the subscription price is fair",4,2024-03-05 15:31:09
"Boring shows, they cancelled my favorite series",2,2024-03-05 19:27:11
"Very slow and buggy interface, constant error on login",3,2024-03-05 21:12:52
Good value for the money,4,2024-03-06 00:36:27
Good value for the money,4,2024-03-06 02:17:30
It is okay,3,2024-03-06 04:59:02
"The app is smooth and fast, no crashes at all",4,2024-03-06 05:35:50
Fine for now,3,2024-03-06 07:05:07
"Great interface, loading is quick and easy",4,2024-03-06 07:07:12
"Worth every penny, the subscription price is fair",4,2024-03-06 14:45:55
"Average, nothing special",3,2024-03-06 19:52:02
Good value for the money,5,2024-03-06 21:18:24
"Terrible bug, screen is stuck on loading",2,2024-03-06 21:40:23
"Best shows and movies, the new season is wonderful",5,2024-03-06 22:03:01
"Too expensive, the price keeps going up",3,2024-03-07 01:53:46
"Bad movies lately, the new season is awful",1,2024-03-07 06:33:01
"Best shows and movies, the new season is wonderful",4,2024-03-07 07:10:37
"Terrible bug, screen is stuck on loading",2,2024-03-07 09:09:46
"Love it, highly recommend",5,2024-03-07 10:55:20
Payment failed again and no refund,2,2024-03-07 21:35:35
"The app is smooth and fast, no crashes at all",5,2024-03-07 22:47:16
Worst experience ever,2,2024-03-08 09:27:26
"Best shows and movies, the new season is wonderful",4,2024-03-08 17:06:04
"Amazing series, I love every episode",5,2024-03-08 21:10:53
"The app is smooth and fast, no crashes at all",4,2024-03-09 04:03:11
"Excellent, five stars",4,2024-03-09 06:14:37
"Great interface, loading is quick and easy",5,2024-03-09 06:47:06
"Love it, highly recommend",4,2024-03-09 11:59:12
"Ads and a higher subscription cost, waste of money",1,2024-03-09 13:12:58
"Amazing series, I love every episode",5,2024-03-09 13:20:04
"Best shows and movies, the new season is wonderful",4,2024-03-09 15:02:42
It is okay,3,2024-03-10 05:28:31
"Best shows and movies, the new season is wonderful",4,2024-03-10 13:52:56
"Bad movies lately, the new season is awful",2,2024-03-10 14:11:28
"Best shows and movies, the new season is wonderful",4,2024-03-10 18:39:14
"Bad movies lately, the new season is awful",1,2024-03-10 20:05:26
"Best shows and movies, the new season is wonderful",5,2024-03-10 21:21:04
"Love it, highly recommend",5,2024-03-11 03:15:21
"Worth every penny, the subscription price is fair",5,2024-03-11 04:59:06
"The app is smooth and fast, no crashes at all",4,2024-03-11 07:25:24
It is okay,3,2024-03-11 07:55:23
"Average, nothing special",3,2024-03-11 11:52:19
"Best shows and movies, the new season is wonderful",5,2024-03-11 16:23:08
"Amazing series, I love every episode",5,2024-03-11 18:01:58
"Love it, highly recommend",5,2024-03-11 21:48:12
"Best shows and movies, the new season is wonderful",4,2024-03-12 04:00:06
"Boring shows, they cancelled my favorite series",1,2024-03-12 05:02:19
"Worth every penny, the subscription price is fair",5,2024-03-12 09:30:12
Good value for the money,5,2024-03-12 10:33:28
"Very disappointed, I hate it",3,2024-03-12 13:07:03
"Very slow and buggy interface, constant error on login",2,2024-03-12 19:28:45
"Great interface, loading is quick and easy",5,2024-03-13 02:24:05
Worst experience ever,2,2024-03-13 04:38:36
"Best shows and movies, the new season is wonderful",5,2024-03-13 05:58:54
Payment failed again and no refund,2,2024-03-13 11:23:32
"Great interface, loading is quick and easy",4,2024-03-13 16:02:28
"The app is smooth and fast, no crashes at all",4,2024-03-13 17:44:58
"Best shows and movies, the new season is wonderful",5,2024-03-13 19:33:31
Worst experience ever,1,2024-03-14 01:33:39
"Excellent, five stars",5,2024-03-14 03:39:26
Works as expected,3,2024-03-14 05:02:11
Payment failed again and no refund,2,2024-03-14 07:31:55
"Best shows and movies, the new season is wonderful",4,2024-03-14 07:47:15
"The app is smooth and fast, no crashes at all",5,2024-03-14 13:48:09
"Bad movies lately, the new season is awful",1,2024-03-14 15:17:37
"Excellent, five stars",4,2024-03-14 15:58:04
Good value for the money,4,2024-03-15 01:22:24
"Great interface, loading is quick and easy",4,2024-03-15 03:37:16
"Best shows and movies, the new season is wonderful",5,2024-03-15 04:11:36
"Ads and a higher subscription cost, waste of money",1,2024-03-15 09:02:07
"Great interface, loading is quick and easy",5,2024-03-15 10:21:19
"Great interface, loading is quick and easy",5,2024-03-15 14:23:10
"Amazing series, I love every episode",5,2024-03-15 16:22:58
"The app is smooth and fast, no crashes at all",5,2024-03-15 16:32:48
Good value for the money,5,2024-03-15 17:00:39
Fine for now,3,2024-03-15 18:47:33
"Amazing series, I love every episode",4,2024-03-15 20:26:05
Good value for the money,5,2024-03-15 21:26:47
Good value for the money,5,2024-03-16 01:45:03
"Great interface, loading is quick and easy",4,2024-03-16 03:12:44
"Boring shows, they cancelled my favorite series",2,2024-03-16 05:47:45
Worst experience ever,1,2024-03-16 09:30:21
Worst experience ever,1,2024-03-16 15:23:53
"Best shows and movies, the new season is wonderful",5,2024-03-16 16:05:05
"The app is smooth and fast, no crashes at all",5,2024-03-16 16:26:26
"Very slow and buggy interface, constant error on login",1,2024-03-16 17:42:28
Works as expected,3,2024-03-16 20:30:12
"Worth every penny, the subscription price is fair",5,2024-03-16 21:23:30
"Worth every penny, the subscription price is fair",5,2024-03-16 22:39:15
"Worth every penny, the subscription price is fair",5,2024-03-16 23:27:47
"Very disappointed, I hate it",1,2024-03-17 01:56:59
"Worth every penny, the subscription price is fair",5,2024-03-17 07:27:35
"Great interface, loading is quick and easy",5,2024-03-17 09:25:47
"Boring shows, they cancelled my favorite series",1,2024-03-17 12:50:12
It is okay,3,2024-03-17 19:17:24
"Boring shows, they cancelled my favorite series",2,2024-03-18 04:14:24
"Boring shows, they cancelled my favorite series",1,2024-03-18 17:13:40
"The app is smooth and fast, no crashes at all",5,2024-03-18 20:39:29
"Amazing series, I love every episode",5,2024-03-18 20:56:18
"Excellent, five stars",5,2024-03-19 03:21:02
"Best shows and movies, the new season is wonderful",5,2024-03-19 04:00:42
"Excellent, five stars",5,2024-03-19 09:43:23
"Excellent, five stars",5,2024-03-19 10:37:35
"Best shows and movies, the new season is wonderful",4,2024-03-19 13:53:13
"Amazing series, I love every episode",5,2024-03-19 19:15:55
"Love it, highly recommend",5,2024-03-20 03:04:29
"Ads and a higher subscription cost, waste of money",3,2024-03-20 04:21:22
"Love it, highly recommend",5,2024-03-20 06:03:25
"Boring shows, they cancelled my favorite series",1,2024-03-20 06:15:09
Worst experience ever,1,2024-03-20 06:54:16
"Love it, highly recommend",5,2024-03-20 07:18:19
"Bad movies lately, the new season is awful",2,2024-03-20 08:09:50
"Too expensive, the price keeps going up",2,2024-03-20 09:01:12
"Very disappointed, I hate it",1,2024-03-20 09:18:38
Good value for the money,5,2024-03-20 18:37:13
"Ads and a higher subscription cost, waste of money",1,2024-03-20 19:34:12
"Amazing series, I love every episode",4,2024-03-20 20:08:41
"Worth every penny, the subscription price is fair",5,2024-03-20 21:29:59
Good value for the money,4,2024-03-21 03:48:06
Good value for the money,5,2024-03-21 08:03:40
"Best shows and movies, the new season is wonderful",4,2024-03-21 08:10:23
"Very disappointed, I hate it",2,2024-03-21 10:12:27
Good value for the money,4,2024-03-21 11:42:21
"Great interface, loading is quick and easy",5,2024-03-21 15:30:24
"Average, nothing special",3,2024-03-21 15:52:01
"Excellent, five stars",5,2024-03-21 17:25:14
"Great interface, loading is quick and easy",5,2024-03-21 19:35:39
"The app is smooth and fast, no crashes at all",5,2024-03-21 19:57:01
"Terrible bug, screen is stuck on loading",1,2024-03-21 22:10:26
"Boring shows, they cancelled my favorite series",1,2024-03-21 22:13:41
"Best shows and movies, the new season is wonderful",5,2024-03-22 04:21:14
Fine for now,3,2024-03-22 05:30:26
"Very disappointed, I hate it",1,2024-03-22 06:42:28
Works as expected,3,2024-03-22 07:15:49
Works as expected,3,2024-03-22 09:06:20
Good value for the money,5,2024-03-22 10:18:45
"Amazing series, I love every episode",4,2024-03-22 11:39:18
"Amazing series, I love every episode",5,2024-03-22 12:40:07
"Amazing series, I love every episode",5,2024-03-22 18:36:05
"Amazing series, I love every episode",4,2024-03-22 19:11:10
"Bad movies lately, the new season is awful",1,2024-03-23 03:15:23
"Worth every penny, the subscription price is fair",5,2024-03-23 04:18:35
"Great interface, loading is quick and easy",4,2024-03-23 04:39:09
"Boring shows, they cancelled my favorite series",1,2024-03-23 12:28:18
Works as expected,3,2024-03-24 04:20:47
"Worth every penny, the subscription price is fair",5,2024-03-24 05:30:42
"Very slow and buggy interface, constant error on login",2,2024-03-24 13:11:07
"Amazing series, I love every episode",4,2024-03-24 20:23:14
"Amazing series, I love every episode",4,2024-03-24 22:13:48
Fine for now,3,2024-03-25 00:12:41
"Great interface, loading is quick and easy",4,2024-03-25 01:13:25
"Great interface, loading is quick and easy",4,2024-03-25 05:54:05
"Worth every penny, the subscription price is fair",5,2024-03-25 06:46:26
"Best shows and movies, the new season is wonderful",5,2024-03-25 08:59:06
"Excellent, five stars",5,2024-03-25 15:34:28
It is okay,3,2024-03-25 20:43:19
"Best shows and movies, the new season is wonderful",5,2024-03-26 00:35:32
The app keeps freezing and crashing after the update,1,2024-03-26 01:18:20
"Very slow and buggy interface, constant error on login",2,2024-03-26 07:42:03
"The app is smooth and fast, no crashes at all",5,2024-03-26 17:20:22
"Amazing series, I love every episode",4,2024-03-26 18:09:52
Good value for the money,5,2024-03-27 04:09:13
Fine for now,3,2024-03-27 05:27:02
"Terrible bug, screen is stuck on loading",2,2024-03-27 08:47:55
"Great interface, loading is quick and easy",5,2024-03-27 13:17:47
"Boring shows, they cancelled my favorite series",1,2024-03-27 13:30:11
"The app is smooth and fast, no crashes at all",5,2024-03-27 13:36:37
"The app is smooth and fast, no crashes at all",5,2024-03-27 14:37:25
"The app is smooth and fast, no crashes at all",5,2024-03-27 18:24:54
"Ads and a higher subscription cost, waste of money",3,2024-03-27 19:12:15
"Amazing series, I love every episode",5,2024-03-27 23:47:58
"Amazing series, I love every episode",4,2024-03-28 02:44:22
"Amazing series, I love every episode",5,2024-03-28 03:05:14
"Very slow and buggy interface, constant error on login",3,2024-03-28 07:49:39
"Best shows and movies, the new season is wonderful",4,2024-03-28 10:58:42
"Boring shows, they cancelled my favorite series",1,2024-03-28 11:34:30
"Worth every penny, the subscription price is fair",5,2024-03-28 12:18:07
"Boring shows, they cancelled my favorite series",2,2024-03-28 15:57:04
"Best shows and movies, the new season is wonderful",5,2024-03-28 17:00:21
"Very slow and buggy interface, constant error on login",1,2024-03-28 18:55:56
"Amazing series, I love every episode",4,2024-03-28 23:33:35
Works as expected,3,2024-03-29 02:13:40
"Best shows and movies, the new season is wonderful",4,2024-03-29 06:50:32
"Amazing series, I love every episode",4,2024-03-29 11:51:46
"Excellent, five stars",5,2024-03-29 15:00:46
"Great interface, loading is quick and easy",4,2024-03-29 19:42:24
"Amazing series, I love every episode",4,2024-03-29 23:44:37
"Bad movies lately, the new season is awful",1,2024-03-30 01:33:16
"Very slow and buggy interface, constant error on login",1,2024-03-30 03:51:24
Fine for now,3,2024-03-30 05:37:32
Good value for the money,4,2024-03-30 13:03:38
"Great interface, loading is quick and easy",5,2024-03-30 21:26:27
"Terrible bug, screen is stuck on loading",1,2024-03-30 23:11:00
Good value for the money,4,2024-03-31 09:27:59
"Very slow and buggy interface, constant error on login",1,2024-03-31 11:20:50
"Great interface, loading is quick and easy",5,2024-03-31 12:49:12
"Great interface, loading is quick and easy",4,2024-03-31 19:22:41
Fine for now,3,2024-03-31 21:53:35
The app keeps freezing and crashing after the update,2,2024-04-01 03:21:59
Good value for the money,5,2024-04-01 03:54:57
"Great interface, loading is quick and easy",4,2024-04-01 04:27:54
"Best shows and movies, the new season is wonderful",4,2024-04-01 17:51:26
Works as expected,3,2024-04-01 19:25:24
"Great interface, loading is quick and easy",5,2024-04-01 20:21:05
"Amazing series, I love every episode",5,2024-04-02 01:21:35
"Amazing series, I love every episode",4,2024-04-02 03:15:26
Good value for the money,5,2024-04-02 03:41:43
"Ads and a higher subscription cost, waste of money",3,2024-04-02 04:32:18
Good value for the money,5,2024-04-02 05:14:04
"Great interface, loading is quick and easy",5,2024-04-02 05:41:42
"Boring shows, they cancelled my favorite series",3,2024-04-02 07:30:30
"Boring shows, they cancelled my favorite series",1,2024-04-02 13:44:25
"Amazing series, I love every episode",4,2024-04-02 14:14:19
"Average, nothing special",3,2024-04-02 16:53:04
"Bad movies lately, the new season is awful",3,2024-04-02 17:05:29
"Great interface, loading is quick and easy",5,2024-04-02 19:10:54
Payment failed again and no refund,1,2024-04-03 00:57:16
"The app is smooth and fast, no crashes at all",5,2024-04-03 02:12:49
"The app is smooth and fast, no crashes at all",5,2024-04-03 11:52:29
Fine for now,3,2024-04-03 14:43:04
Worst experience ever,2,2024-04-03 21:41:27
"Bad movies lately, the new season is awful",1,2024-04-03 23:25:20
"Terrible bug, screen is stuck on loading",1,2024-04-04 02:44:40
It is okay,3,2024-04-04 03:32:41
"Bad movies lately, the new season is awful",2,2024-04-04 05:23:02
"Great interface, loading is quick and easy",5,2024-04-04 11:38:56
"Very disappointed, I hate it",1,2024-04-04 13:05:31
"Excellent, five stars",5,2024-04-04 17:22:15
"Average, nothing special",3,2024-04-04 23:54:34
"Great interface, loading is quick and easy",5,2024-04-05 00:07:17
Fine for now,3,2024-04-05 01:18:36
"Too expensive, the price keeps going up",2,2024-04-05 06:59:06
"Too expensive, the price keeps going up",1,2024-04-05 09:57:45
"Very disappointed, I hate it",1,2024-04-05 12:17:45
"Love it, highly recommend",5,2024-04-05 12:42:03
"Too expensive, the price keeps going up",1,2024-04-05 13:20:56
Good value for the money,4,2024-04-05 14:42:43
"Amazing series, I love every episode",4,2024-04-05 21:18:26
"Very slow and buggy interface, constant error on login",2,2024-04-05 21:22:02
The app keeps freezing and crashing after the update,1,2024-04-05 22:01:44
Fine for now,3,2024-04-05 23:58:18
"Great interface, loading is quick and easy",5,2024-04-06 03:04:13
"Too expensive, the price keeps going up",1,2024-04-06 08:32:33
Fine for now,3,2024-04-06 11:07:06
Fine for now,3,2024-04-06 11:32:32
"Boring shows, they cancelled my favorite series",1,2024-04-06 20:39:16
"Amazing series, I love every episode",5,2024-04-07 02:13:02
Good value for the money,5,2024-04-07 04:26:43
"The app is smooth and fast, no crashes at all",5,2024-04-07 04:40:27
The app keeps freezing and crashing after the update,3,2024-04-07 13:51:35
"Worth every penny, the subscription price is fair",5,2024-04-07 19:34:59
"Worth every penny, the subscription price is fair",4,2024-04-07 22:12:39
"Worth every penny, the subscription price is fair",5,2024-04-07 22:51:29
"Bad movies lately, the new season is awful",1,2024-04-08 05:34:07
Fine for now,3,2024-04-08 07:07:26
"Average, nothing special",3,2024-04-08 12:17:56
"Ads and a higher subscription cost, waste of money",1,2024-04-08 14:10:50
"Excellent, five stars",5,2024-04-08 14:40:22
"Excellent, five stars",5,2024-04-08 22:03:11
"The app is smooth and fast, no crashes at all",5,2024-04-09 00:01:18
Good value for the money,4,2024-04-09 12:07:57
"Ads and a higher subscription cost, waste of money",1,2024-04-09 14:44:55
"Terrible bug, screen is stuck on loading",3,2024-04-09 17:06:25
Payment failed again and no refund,2,2024-04-09 20:07:36
"Excellent, five stars",4,2024-04-10 00:08:04
"Best shows and movies, the new season is wonderful",5,2024-04-10 06:48:55
"Too expensive, the price keeps going up",1,2024-04-10 08:12:47
"Best shows and movies, the new season is wonderful",4,2024-04-10 08:38:01
Good value for the money,4,2024-04-10 10:02:05
"Amazing series, I love every episode",4,2024-04-10 13:27:15
"Excellent, five stars",4,2024-04-10 14:49:23
"Worth every penny, the subscription price is fair",4,2024-04-10 17:49:35
"Best shows and movies, the new season is wonderful",5,2024-04-10 19:59:49
Good value for the money,5,2024-04-11 05:55:51
"Terrible bug, screen is stuck on loading",2,2024-04-11 12:09:45
Worst experience ever,3,2024-04-11 21:03:24
Good value for the money,4,2024-04-11 21:54:12
"Boring shows, they cancelled my favorite series",1,2024-04-11 23:25:40
Fine for now,3,2024-04-12 01:49:24
Works as expected,3,2024-04-12 02:32:30
"Very slow and buggy interface, constant error on login",1,2024-04-12 02:43:27
Fine for now,3,2024-04-12 08:13:25
"Best shows and movies, the new season is wonderful",5,2024-04-12 08:52:07
Good value for the money,5,2024-04-12 20:35:33
"Best shows and movies, the new season is wonderful",5,2024-04-12 23:17:38
"Very slow and buggy interface, constant error on login",2,2024-04-12 23:40:17
"Great interface, loading is quick and easy",5,2024-04-13 06:41:37
"Very disappointed, I hate it",3,2024-04-13 15:08:36
"The app is smooth and fast, no crashes at all",5,2024-04-13 16:26:02
"Love it, highly recommend",5,2024-04-13 17:28:57
"Best shows and movies, the new season is wonderful",5,2024-04-13 17:33:54
"Best shows and movies, the new season is wonderful",5,2024-04-13 21:29:14
It is okay,3,2024-04-14 04:45:24
Worst experience ever,3,2024-04-14 04:51:39
It is okay,3,2024-04-14 05:20:34
"Ads and a higher subscription cost, waste of money",3,2024-04-14 05:41:46
"Very slow and buggy interface, constant error on login",1,2024-04-14 07:18:00
"Great interface, loading is quick and easy",5,2024-04-14 14:28:28
"Very disappointed, I hate it",2,2024-04-14 17:15:16
Payment failed again and no refund,1,2024-04-14 19:45:41
"Amazing series, I love every episode",4,2024-04-14 20:20:00
Payment failed again and no refund,2,2024-04-14 20:44:54
"Amazing series, I love every episode",5,2024-04-15 02:56:06
"Boring shows, they cancelled my favorite series",2,2024-04-15 04:31:49
"Worth every penny, the subscription price is fair",5,2024-04-15 16:16:38
Payment failed again and no refund,1,2024-04-16 01:10:22
"Terrible bug, screen is stuck on loading",1,2024-04-16 01:12:19
"Ads and a higher subscription cost, waste of money",3,2024-04-16 09:05:49
"Best shows and movies, the new season is wonderful",5,2024-04-16 14:09:52
Good value for the money,5,2024-04-16 15:29:57
"Very slow and buggy interface, constant error on login",3,2024-04-16 16:28:48
"Amazing series, I love every episode",5,2024-04-16 23:09:53
Good value for the money,5,2024-04-16 23:40:35
"Worth every penny, the subscription price is fair",5,2024-04-17 01:22:31
"Great interface, loading is quick and easy",4,2024-04-17 05:07:06
"Best shows and movies, the new season is wonderful",5,2024-04-17 05:27:29
"Bad movies lately, the new season is awful",1,2024-04-17 08:54:54
"Amazing series, I love every episode",5,2024-04-17 09:38:18
"Love it, highly recommend",5,2024-04-17 10:37:34
"The app is smooth and fast, no crashes at all",4,2024-04-17 10:45:49
Works as expected,3,2024-04-17 12:11:17
"Amazing series, I love every episode",5,2024-04-17 12:17:04
"Great interface, loading is quick and easy",5,2024-04-17 14:22:53
"Amazing series, I love every episode",5,2024-04-17 17:21:44
It is okay,3,2024-04-17 18:49:20
"The app is smooth and fast, no crashes at all",4,2024-04-17 23:49:26
"Best shows and movies, the new season is wonderful",4,2024-04-18 03:04:56
"Too expensive, the price keeps going up",2,2024-04-18 03:42:16
Works as expected,3,2024-04-18 05:33:37
Good value for the money,5,2024-04-18 11:47:36
Good value for the money,4,2024-04-18 14:30:54
"Ads and a higher subscription cost, waste of money",3,2024-04-18 18:08:58
"Boring shows, they cancelled my favorite series",2,2024-04-18 18:55:26
Fine for now,3,2024-04-18 23:23:31
"Amazing series, I love every episode",4,2024-04-19 02:44:13
"Great interface, loading is quick and easy",5,2024-04-19 03:42:05
"Average, nothing special",3,2024-04-19 05:46:52
Worst experience ever,2,2024-04-19 06:46:10
"Best shows and movies, the new season is wonderful",4,2024-04-19 09:00:41
Good value for the money,4,2024-04-19 11:10:02
"Too expensive, the price keeps going up",3,2024-04-19 19:08:00
"Best shows and movies, the new season is wonderful",5,2024-04-19 21:18:37
"Love it, highly recommend",5,2024-04-19 21:30:49
"Too expensive, the price keeps going up",2,2024-04-19 21:57:56
"Ads and a higher subscription cost, waste of money",2,2024-04-20 00:53:28
"Amazing series, I love every episode",5,2024-04-20 01:06:45
"Boring shows, they cancelled my favorite series",2,2024-04-20 12:07:14
"Terrible bug, screen is stuck on loading",3,2024-04-20 13:44:42
Works as expected,3,2024-04-20 13:49:41
"Bad movies lately, the new season is awful",2,2024-04-20 14:52:09
"Great interface, loading is quick and easy",5,2024-04-20 18:00:53
"Best shows and movies, the new season is wonderful",5,2024-04-20 20:33:09
Good value for the money,5,2024-04-20 22:51:18
"Amazing series, I love every episode",5,2024-04-20 23:41:57
"Worth every penny, the subscription price is fair",5,2024-04-21 02:17:38
It is okay,3,2024-04-21 03:29:14
It is okay,3,2024-04-21 04:52:35
"Best shows and movies, the new season is wonderful",5,2024-04-21 07:40:01
Good value for the money,4,2024-04-21 11:35:51
"Boring shows, they cancelled my favorite series",3,2024-04-21 15:05:46
The app keeps freezing and crashing after the update,2,2024-04-21 15:46:09
Fine for now,3,2024-04-21 16:52:48
"The app is smooth and fast, no crashes at all",4,2024-04-22 01:50:32
Worst experience ever,2,2024-04-22 23:44:27
"Bad movies lately, the new season is awful",3,2024-04-23 00:04:46
"Amazing series, I love every episode",4,2024-04-23 10:13:11
"Average, nothing special",3,2024-04-23 18:10:54
"The app is smooth and fast, no crashes at all",5,2024-04-23 19:41:06
"Worth every penny, the subscription price is fair",4,2024-04-23 19:58:21
"Bad movies lately, the new season is awful",2,2024-04-24 02:07:21
"Amazing series, I love every episode",5,2024-04-24 06:50:21
Fine for now,3,2024-04-24 15:10:38
"Amazing series, I love every episode",5,2024-04-24 15:41:25
"Best shows and movies, the new season is wonderful",5,2024-04-24 19:39:36
"Great interface, loading is quick and easy",4,2024-04-24 20:07:00
Works as expected,3,2024-04-24 20:23:56
"Worth every penny, the subscription price is fair",5,2024-04-25 06:43:58
"Too expensive, the price keeps going up",1,2024-04-25 09:19:04
"Love it, highly recommend",5,2024-04-25 11:47:56
"Bad movies lately, the new season is awful",1,2024-04-25 11:57:45
"Very disappointed, I hate it",3,2024-04-25 13:18:37
Fine for now,3,2024-04-25 15:02:04
Good value for the money,4,2024-04-25 18:37:16
"Very disappointed, I hate it",2,2024-04-25 19:10:36
"Worth every penny, the subscription price is fair",4,2024-04-25 21:11:29
"Average, nothing special",3,2024-04-25 21:31:58
"Amazing series, I love every episode",5,2024-04-26 04:36:56
"Love it, highly recommend",4,2024-04-26 07:06:49
"Great interface, loading is quick and easy",5,2024-04-26 11:54:50
"Great interface, loading is quick and easy",5,2024-04-26 15:00:17
Good value for the money,4,2024-04-26 18:01:08
"Worth every penny, the subscription price is fair",5,2024-04-26 18:33:25
Good value for the money,5,2024-04-26 18:40:37
"Great interface, loading is quick and easy",5,2024-04-26 18:48:53
"Bad movies lately, the new season is awful",2,2024-04-26 19:33:50
"Amazing series, I love every episode",5,2024-04-27 04:56:18
"Very slow and buggy interface, constant error on login",1,2024-04-27 12:13:12
"Amazing series, I love every episode",4,2024-04-27 21:41:34
"Amazing series, I love every episode",4,2024-04-28 03:38:44
"Amazing series, I love every episode",4,2024-04-28 14:06:40
"Worth every penny, the subscription price is fair",5,2024-04-28 16:52:07
Payment failed again and no refund,1,2024-04-28 19:18:38
"Worth every penny, the subscription price is fair",4,2024-04-28 20:07:45
Works as expected,3,2024-04-28 20:47:23
"Amazing series, I love every episode",5,2024-04-28 21:53:39
"Amazing series, I love every episode",5,2024-04-29 00:14:41
The app keeps freezing and crashing after the update,1,2024-04-29 03:19:31
Fine for now,3,2024-04-29 04:09:05
"Best shows and movies, the new season is wonderful",4,2024-04-29 06:30:40
"Bad movies lately, the new season is awful",1,2024-04-29 09:01:23
"Amazing series, I love every episode",5,2024-04-29 09:19:46
Good value for the money,5,2024-04-29 13:56:53
The app keeps freezing and crashing after the update,3,2024-04-29 22:09:37
"Best shows and movies, the new season is wonderful",4,2024-04-29 22:45:12
"Bad movies lately, the new season is awful",1,2024-04-29 22:57:40
"The app is smooth and fast, no crashes at all",5,2024-04-30 02:26:28
Works as expected,3,2024-04-30 02:26:42
"Too expensive, the price keeps going up",3,2024-04-30 06:22:30
It is okay,3,2024-04-30 07:32:38
"Ads and a higher subscription cost, waste of money",2,2024-04-30 08:25:20
"Amazing series, I love every episode",5,2024-05-01 07:34:23
"Great interface, loading is quick and easy",5,2024-05-01 11:05:13
"Amazing series, I love every episode",5,2024-05-01 11:43:49
"Worth every penny, the subscription price is fair",4,2024-05-01 13:02:04
"Amazing series, I love every episode",5,2024-05-01 18:49:25
Good value for the money,5,2024-05-01 20:31:00
"Average, nothing special",3,2024-05-01 20:54:39
"Excellent, five stars",4,2024-05-01 21:30:21
"Amazing series, I love every episode",5,2024-05-01 22:03:25
"Best shows and movies, the new season is wonderful",5,2024-05-01 22:55:44
"Boring shows, they cancelled my favorite series",1,2024-05-01 23:22:00
It is okay,3,2024-05-01 23:43:18
"Best shows and movies, the new season is wonderful",5,2024-05-02 06:46:27
"Best shows and movies, the new season is wonderful",5,2024-05-02 07:04:37
"Bad movies lately, the new season is awful",2,2024-05-02 10:23:29
"Very disappointed, I hate it",2,2024-05-02 12:36:38
It is okay,3,2024-05-02 16:27:25
"Bad movies lately, the new season is awful",2,2024-05-02 17:29:07
It is okay,3,2024-05-02 18:16:51
"Too expensive, the price keeps going up",2,2024-05-03 07:05:20
Good value for the money,5,2024-05-03 08:25:05
"Bad movies lately, the new season is awful",1,2024-05-03 09:04:20
"Very disappointed, I hate it",1,2024-05-03 15:57:06
Fine for now,3,2024-05-03 20:01:46
Good value for the money,5,2024-05-03 22:31:07
"Great interface, loading is quick and easy",5,2024-05-03 23:39:00
"Bad movies lately, the new season is awful",2,2024-05-04 02:08:28
"Terrible bug, screen is stuck on loading",2,2024-05-04 03:11:24
"Best shows and movies, the new season is wonderful",4,2024-05-04 11:30:19
"Bad movies lately, the new season is awful",3,2024-05-04 14:13:26
"The app is smooth and fast, no crashes at all",5,2024-05-04 18:29:33
"Best shows and movies, the new season is wonderful",5,2024-05-05 01:20:18
"The app is smooth and fast, no crashes at all",5,2024-05-05 04:00:25
"Amazing series, I love every episode",5,2024-05-05 07:55:48
"Terrible bug, screen is stuck on loading",1,2024-05-05 08:52:18
"The app is smooth and fast, no crashes at all",5,2024-05-05 13:43:13
Works as expected,3,2024-05-05 21:34:18
"Very slow and buggy interface, constant error on login",3,2024-05-05 21:48:45
Good value for the money,5,2024-05-05 22:45:55
"Great interface, loading is quick and easy",4,2024-05-06 08:49:05
"Excellent, five stars",5,2024-05-06 11:19:22
Fine for now,3,2024-05-06 11:24:47
"Average, nothing special",3,2024-05-06 14:06:58
"Boring shows, they cancelled my favorite series",2,2024-05-06 15:54:24
"Bad movies lately, the new season is awful",2,2024-05-06 17:25:48
"Worth every penny, the subscription price is fair",5,2024-05-06 17:37:43
"Best shows and movies, the new season is wonderful",4,2024-05-06 21:06:05
"Worth every penny, the subscription price is fair",5,2024-05-06 21:45:35
Good value for the money,4,2024-05-07 02:23:13
"Boring shows, they cancelled my favorite series",2,2024-05-07 03:21:02
"Best shows and movies, the new season is wonderful",5,2024-05-07 13:41:11
Fine for now,3,2024-05-07 16:27:38
"Love it, highly recommend",5,2024-05-07 18:47:01
"Very disappointed, I hate it",1,2024-05-07 22:58:06
Payment failed again and no refund,2,2024-05-08 04:10:58
"Amazing series, I love every episode",5,2024-05-08 15:54:10
"Very disappointed, I hate it",2,2024-05-08 18:49:17
"Bad movies lately, the new season is awful",1,2024-05-09 00:36:32
"Best shows and movies, the new season is wonderful",5,2024-05-09 07:13:08
"Great interface, loading is quick and easy",5,2024-05-09 11:09:53
"Love it, highly recommend",4,2024-05-09 11:24:12
"Best shows and movies, the new season is wonderful",5,2024-05-09 19:22:35
"Average, nothing special",3,2024-05-10 02:00:24
"Best shows and movies, the new season is wonderful",4,2024-05-10 03:34:38
Good value for the money,4,2024-05-10 07:04:03
"Best shows and movies, the new season is wonderful",5,2024-05-10 08:33:03
Good value for the money,5,2024-05-10 08:56:17
"Best shows and movies, the new season is wonderful",4,2024-05-10 10:38:08
"Worth every penny, the subscription price is fair",5,2024-05-10 18:27:30
"Best shows and movies, the new season is wonderful",4,2024-05-10 20:43:44
"Boring shows, they cancelled my favorite series",2,2024-05-11 00:15:47
"The app is smooth and fast, no crashes at all",5,2024-05-11 05:45:58
"Amazing series, I love every episode",5,2024-05-11 05:47:16
Good value for the money,5,2024-05-11 09:50:46
Payment failed again and no refund,1,2024-05-11 15:56:13
"Love it, highly recommend",5,2024-05-11 16:58:17
"Best shows and movies, the new season is wonderful",5,2024-05-11 17:30:40
"Ads and a higher subscription cost, waste of money",2,2024-05-11 20:22:35
"Best shows and movies, the new season is wonderful",4,2024-05-11 20:37:58
"Boring shows, they cancelled my favorite series",2,2024-05-11 21:31:50
Payment failed again and no refund,1,2024-05-11 21:46:55
"Very slow and buggy interface, constant error on login",2,2024-05-12 01:46:16
"Bad movies lately, the new season is awful",3,2024-05-12 04:36:09
"Amazing series, I love every episode",4,2024-05-12 13:47:52
"Average, nothing special",3,2024-05-12 14:34:19
"Love it, highly recommend",4,2024-05-12 17:09:02
"Amazing series, I love every episode",4,2024-05-12 17:18:16
Works as expected,3,2024-05-13 03:38:33
"Amazing series, I love every episode",5,2024-05-13 05:03:34
"Ads and a higher subscription cost, waste of money",1,2024-05-13 16:06:57
Good value for the money,4,2024-05-13 16:52:05
Works as expected,3,2024-05-13 19:16:54
It is okay,3,2024-05-13 21:05:14
"Bad movies lately, the new season is awful",1,2024-05-13 21:26:34
"Average, nothing special",3,2024-05-14 08:09:47
"Great interface, loading is quick and easy",4,2024-05-14 21:43:15
"Amazing series, I love every episode",5,2024-05-15 01:07:36
"Ads and a higher subscription cost, waste of money",3,2024-05-15 02:21:43
"The app is smooth and fast, no crashes at all",5,2024-05-15 04:48:14
"Best shows and movies, the new season is wonderful",4,2024-05-15 05:52:56
"Terrible bug, screen is stuck on loading",2,2024-05-15 07:29:46
"The app is smooth and fast, no crashes at all",5,2024-05-15 09:20:19
"Average, nothing special",3,2024-05-15 10:28:41
"Amazing series, I love every episode",5,2024-05-15 14:33:32
"Amazing series, I love every episode",4,2024-05-15 23:37:17
"The app is smooth and fast, no crashes at all",4,2024-05-15 23:58:41
"Bad movies lately, the new season is awful",2,2024-05-16 03:38:39
"Great interface, loading is quick and easy",5,2024-05-16 05:34:12
Fine for now,3,2024-05-16 08:13:20
"Best shows and movies, the new season is wonderful",4,2024-05-16 13:20:18
"Ads and a higher subscription cost, waste of money",1,2024-05-16 15:23:54
"Amazing series, I love every episode",5,2024-05-16 15:47:27
"Average, nothing special",3,2024-05-16 20:30:01
"Best shows and movies, the new season is wonderful",5,2024-05-17 02:46:42
Fine for now,3,2024-05-17 03:11:25
Good value for the money,5,2024-05-17 06:45:45
"The app is smooth and fast, no crashes at all",5,2024-05-17 10:21:22
"Very disappointed, I hate it",1,2024-05-17 11:17:33
"The app is smooth and fast, no crashes at all",5,2024-05-17 16:20:51
"Terrible bug, screen is stuck on loading",2,2024-05-17 17:25:46
Fine for now,3,2024-05-17 17:26:40
The app keeps freezing and crashing after the update,3,2024-05-18 00:48:20
It is okay,3,2024-05-18 02:45:02
Good value for the money,4,2024-05-18 03:00:35
The app keeps freezing and crashing after the update,2,2024-05-18 13:00:33
Works as expected,3,2024-05-18 14:45:25
"Bad movies lately, the new season is awful",3,2024-05-18 15:21:33
"Amazing series, I love every episode",5,2024-05-18 15:57:40
"Best shows and movies, the new season is wonderful",5,2024-05-18 16:11:24
Fine for now,3,2024-05-18 17:44:51
"Bad movies lately, the new season is awful",1,2024-05-18 21:24:08
"The app is smooth and fast, no crashes at all",5,2024-05-18 21:52:12
"Worth every penny, the subscription price is fair",5,2024-05-19 02:46:36
"Best shows and movies, the new season is wonderful",5,2024-05-19 04:19:56
"Amazing series, I love every episode",5,2024-05-19 05:20:35
Good value for the money,5,2024-05-19 13:28:47
"Boring shows, they cancelled my favorite series",3,2024-05-19 14:08:33
"Ads and a higher subscription cost, waste of money",1,2024-05-19 16:53:32
"Love it, highly recommend",4,2024-05-20 00:13:55
"Worth every penny, the subscription price is fair",5,2024-05-20 02:47:11
"Boring shows, they cancelled my favorite series",1,2024-05-20 04:02:39
"Average, nothing special",3,2024-05-20 04:44:00
"Amazing series, I love every episode",4,2024-05-20 05:36:28
"Worth every penny, the subscription price is fair",4,2024-05-20 05:59:12
"Very disappointed, I hate it",2,2024-05-20 07:01:12
"Ads and a higher subscription cost, waste of money",3,2024-05-20 08:53:14
Good value for the money,5,2024-05-20 11:44:07
"Great interface, loading is quick and easy",5,2024-05-20 13:32:54
It is okay,3,2024-05-21 00:56:47
Payment failed again and no refund,3,2024-05-21 02:35:07
"Amazing series, I love every episode",5,2024-05-21 03:39:55
"The app is smooth and fast, no crashes at all",5,2024-05-21 12:36:57
"Great interface, loading is quick and easy",4,2024-05-21 13:17:49
"Best shows and movies, the new season is wonderful",5,2024-05-21 13:25:48
"Great interface, loading is quick and easy",5,2024-05-21 22:29:33
"Amazing series, I love every episode",5,2024-05-21 22:59:33
"Worth every penny, the subscription price is fair",5,2024-05-22 03:12:22
"Best shows and movies, the new season is wonderful",4,2024-05-22 17:44:57
Fine for now,3,2024-05-22 19:05:42
"Great interface, loading is quick and easy",4,2024-05-22 19:55:07
"Too expensive, the price keeps going up",3,2024-05-22 21:52:17
"The app is smooth and fast, no crashes at all",5,2024-05-22 22:52:24
"Great interface, loading is quick and easy",4,2024-05-23 02:07:41
"Amazing series, I love every episode",5,2024-05-23 04:19:11
"Ads and a higher subscription cost, waste of money",1,2024-05-23 04:59:28
"The app is smooth and fast, no crashes at all",5,2024-05-23 07:49:03
"Very disappointed, I hate it",1,2024-05-23 08:33:00
Works as expected,3,2024-05-23 15:15:24
"Worth every penny, the subscription price is fair",5,2024-05-23 15:33:05
"Average, nothing special",3,2024-05-23 20:41:13
"Best shows and movies, the new season is wonderful",4,2024-05-23 22:11:16
Fine for now,3,2024-05-23 23:15:39
"Terrible bug, screen is stuck on loading",3,2024-05-24 03:10:25
"Great interface, loading is quick and easy",5,2024-05-24 07:30:41
"Very disappointed, I hate it",2,2024-05-24 16:43:56
"The app is smooth and fast, no crashes at all",5,2024-05-24 17:25:59
"Amazing series, I love every episode",5,2024-05-24 17:40:27
"The app is smooth and fast, no crashes at all",5,2024-05-25 00:55:18
"Average, nothing special",3,2024-05-25 05:52:44
Good value for the money,4,2024-05-25 08:09:22
Good value for the money,5,2024-05-25 14:35:06
"Bad movies lately, the new season is awful",2,2024-05-25 19:53:07
"Amazing series, I love every episode",5,2024-05-25 21:58:36
"Amazing series, I love every episode",5,2024-05-26 09:28:36
Good value for the money,4,2024-05-26 09:38:38
The app keeps freezing and crashing after the update,3,2024-05-26 13:22:49
"Average, nothing special",3,2024-05-26 13:27:49
"Best shows and movies, the new season is wonderful",4,2024-05-26 15:15:38
"Average, nothing special",3,2024-05-26 23:58:52
Fine for now,3,2024-05-27 00:42:03
"Excellent, five stars",5,2024-05-27 03:17:09
"Great interface, loading is quick and easy",5,2024-05-27 06:07:24
Fine for now,3,2024-05-27 15:08:22
"Best shows and movies, the new season is wonderful",4,2024-05-28 03:59:42
"Best shows and movies, the new season is wonderful",5,2024-05-28 04:46:36
"Amazing series, I love every episode",5,2024-05-28 05:01:38
"Amazing series, I love every episode",5,2024-05-28 08:41:50
"Worth every penny, the subscription price is fair",5,2024-05-28 10:58:33
"Best shows and movies, the new season is wonderful",5,2024-05-28 11:41:58
"Excellent, five stars",5,2024-05-29 04:16:29
"Worth every penny, the subscription price is fair",5,2024-05-29 04:22:56
"Boring shows, they cancelled my favorite series",1,2024-05-29 04:23:09
"Love it, highly recommend",5,2024-05-29 10:00:38
Good value for the money,4,2024-05-29 10:12:26
"Amazing series, I love every episode",5,2024-05-29 10:54:18
"Bad movies lately, the new season is awful",3,2024-05-29 20:40:35
"Bad movies lately, the new season is awful",2,2024-05-29 21:20:55
"Ads and a higher subscription cost, waste of money",1,2024-05-30 01:08:40
"Excellent, five stars",5,2024-05-30 04:24:51
The app keeps freezing and crashing after the update,1,2024-05-30 11:05:24
"Very disappointed, I hate it",3,2024-05-30 21:46:10
Good value for the money,5,2024-05-30 23:25:23
"Best shows and movies, the new season is wonderful",5,2024-05-31 01:01:12
"Best shows and movies, the new season is wonderful",4,2024-05-31 03:05:46
"Amazing series, I love every episode",5,2024-05-31 03:54:27
"Great interface, loading is quick and easy",4,2024-05-31 04:48:46
"Amazing series, I love every episode",5,2024-05-31 11:09:40
"Too expensive, the price keeps going up",2,2024-05-31 16:55:25
"Amazing series, I love every episode",4,2024-05-31 17:19:33
"Bad movies lately, the new season is awful",2,2024-05-31 19:04:50
"The app is smooth and fast, no crashes at all",5,2024-05-31 19:58:45
"Average, nothing special",3,2024-05-31 23:07:32
"Boring shows, they cancelled my favorite series",3,2024-06-01 05:32:49
Good value for the money,5,2024-06-01 06:16:17
Good value for the money,5,2024-06-01 12:03:32
"Terrible bug, screen is stuck on loading",2,2024-06-01 12:17:42
Worst experience ever,1,2024-06-01 13:24:43
"Best shows and movies, the new season is wonderful",4,2024-06-01 16:21:18
"Great interface, loading is quick and easy",5,2024-06-02 00:59:44
"Terrible bug, screen is stuck on loading",2,2024-06-02 04:15:36
"Amazing series, I love every episode",5,2024-06-02 12:08:04
"The app is smooth and fast, no crashes at all",4,2024-06-02 12:22:59
"Love it, highly recommend",5,2024-06-02 12:26:20
"Ads and a higher subscription cost, waste of money",2,2024-06-02 13:34:15
"Worth every penny, the subscription price is fair",5,2024-06-02 23:26:32
"Worth every penny, the subscription price is fair",5,2024-06-02 23:57:46
"Best shows and movies, the new season is wonderful",5,2024-06-03 00:36:20
"Ads and a higher subscription cost, waste of money",3,2024-06-03 01:41:59
"Worth every penny, the subscription price is fair",5,2024-06-03 01:55:55
Good value for the money,4,2024-06-03 02:52:12
The app keeps freezing and crashing after the update,2,2024-06-03 05:14:20
"Amazing series, I love every episode",5,2024-06-03 12:31:04
"Best shows and movies, the new season is wonderful",5,2024-06-03 13:04:33
"Bad movies lately, the new season is awful",1,2024-06-03 16:19:05
Payment failed again and no refund,1,2024-06-03 16:20:16
"Boring shows, they cancelled my favorite series",3,2024-06-03 19:18:34
"Worth every penny, the subscription price is fair",5,2024-06-03 20:48:48
Good value for the money,5,2024-06-04 03:01:31
"Amazing series, I love every episode",5,2024-06-04 04:40:27
It is okay,3,2024-06-04 05:51:08
"Bad movies lately, the new season is awful",1,2024-06-04 07:48:34
It is okay,3,2024-06-04 08:27:23
"Best shows and movies, the new season is wonderful",5,2024-06-04 11:35:56
"The app is smooth and fast, no crashes at all",5,2024-06-04 15:17:32
"Very disappointed, I hate it",3,2024-06-04 19:23:03
"Amazing series, I love every episode",4,2024-06-04 19:37:28
"Very disappointed, I hate it",2,2024-06-04 21:44:23
"Very disappointed, I hate it",1,2024-06-04 22:11:40
"Best shows and movies, the new season is wonderful",5,2024-06-05 02:06:03
It is okay,3,2024-06-05 08:42:50
Worst experience ever,1,2024-06-05 08:50:45
Good value for the money,4,2024-06-05 08:51:10
"Best shows and movies, the new season is wonderful",5,2024-06-05 08:52:26
"Boring shows, they cancelled my favorite series",2,2024-06-05 11:05:29
"Amazing series, I love every episode",4,2024-06-05 12:51:38
"Worth every penny, the subscription price is fair",5,2024-06-05 14:41:16
"Bad movies lately, the new season is awful",2,2024-06-05 19:00:23
Good value for the money,4,2024-06-05 21:32:34
"Amazing series, I love every episode",4,2024-06-05 22:50:40
"Too expensive, the price keeps going up",1,2024-06-06 01:20:14
"Best shows and movies, the new season is wonderful",5,2024-06-06 02:28:27
"Boring shows, they cancelled my favorite series",1,2024-06-06 13:05:51
Good value for the money,5,2024-06-06 16:38:09
Good value for the money,5,2024-06-06 23:01:00
"Amazing series, I love every episode",4,2024-06-07 01:22:26
"Boring shows, they cancelled my favorite series",3,2024-06-07 05:14:54
It is okay,3,2024-06-07 06:01:42
"Great interface, loading is quick and easy",5,2024-06-07 08:24:58
"Amazing series, I love every episode",5,2024-06-07 15:47:16
"The app is smooth and fast, no crashes at all",4,2024-06-07 20:59:29
Works as expected,3,2024-06-07 22:42:17
"Ads and a higher subscription cost, waste of money",3,2024-06-08 03:23:18
"Very slow and buggy interface, constant error on login",2,2024-06-08 07:04:30
Fine for now,3,2024-06-08 07:22:43
"The app is smooth and fast, no crashes at all",4,2024-06-08 07:23:01
"Worth every penny, the subscription price is fair",5,2024-06-08 11:54:29
"Best shows and movies, the new season is wonderful",4,2024-06-08 15:02:38
"The app is smooth and fast, no crashes at all",5,2024-06-08 15:28:06
"Ads and a higher subscription cost, waste of money",2,2024-06-08 17:17:25
Good value for the money,5,2024-06-08 20:09:19
"Amazing series, I love every episode",5,2024-06-09 02:29:14
"Best shows and movies, the new season is wonderful",4,2024-06-09 04:04:34
Good value for the money,5,2024-06-09 11:13:12
"Very disappointed, I hate it",3,2024-06-09 14:12:30
"Bad movies lately, the new season is awful",1,2024-06-09 15:46:43
"Excellent, five stars",5,2024-06-09 16:07:14
"Excellent, five stars",5,2024-06-09 19:42:08
"Excellent, five stars",4,2024-06-10 05:39:58
"Very slow and buggy interface, constant error on login",3,2024-06-10 08:28:02
Works as expected,3,2024-06-10 09:17:40
"Terrible bug, screen is stuck on loading",3,2024-06-10 09:37:14
Good value for the money,5,2024-06-10 10:08:49
"The app is smooth and fast, no crashes at all",4,2024-06-10 13:45:35
"Best shows and movies, the new season is wonderful",5,2024-06-10 16:31:49
Fine for now,3,2024-06-10 21:13:13
"Amazing series, I love every episode",5,2024-06-10 23:43:17
Good value for the money,5,2024-06-11 01:19:59
"The app is smooth and fast, no crashes at all",5,2024-06-11 02:59:32
Good value for the money,4,2024-06-11 03:16:42
"Love it, highly recommend",4,2024-06-11 05:18:17
"Great interface, loading is quick and easy",4,2024-06-11 14:19:22
"Best shows and movies, the new season is wonderful",5,2024-06-11 14:42:21
"Worth every penny, the subscription price is fair",5,2024-06-11 15:47:42
"Bad movies lately, the new season is awful",3,2024-06-11 17:46:38
"Love it, highly recommend",5,2024-06-11 19:36:11
"Excellent, five stars",5,2024-06-12 04:39:17
"Love it, highly recommend",5,2024-06-12 10:16:42
"Boring shows, they cancelled my favorite series",1,2024-06-12 10:51:34
"Boring shows, they cancelled my favorite series",2,2024-06-12 14:06:41
"Amazing series, I love every episode",5,2024-06-12 19:22:28
"The app is smooth and fast, no crashes at all",5,2024-06-12 23:35:00
"Too expensive, the price keeps going up",2,2024-06-13 00:45:57
"Amazing series, I love every episode",4,2024-06-13 10:07:09
"Love it, highly recommend",5,2024-06-13 10:19:12
Fine for now,3,2024-06-13 10:55:26
"Best shows and movies, the new season is wonderful",5,2024-06-13 11:38:08
"Amazing series, I love every episode",5,2024-06-13 15:21:55
"Amazing series, I love every episode",4,2024-06-13 16:20:56
"Boring shows, they cancelled my favorite series",2,2024-06-13 21:21:55
"Boring shows, they cancelled my favorite series",2,2024-06-14 00:04:55
Good value for the money,5,2024-06-14 05:32:38
Good value for the money,5,2024-06-14 05:56:08
"Worth every penny, the subscription price is fair",5,2024-06-14 07:40:23
"Best shows and movies, the new season is wonderful",4,2024-06-14 09:49:41
Fine for now,3,2024-06-14 14:14:22
Fine for now,3,2024-06-14 23:59:51
